term,source,category
3t3 cells,MeSH descriptor XML,Anatomy
3t3-l1 cells,MeSH descriptor XML,Anatomy
a549 cells,MeSH descriptor XML,Anatomy
abdomen,MeSH descriptor XML,Anatomy
abdominal cavity,MeSH descriptor XML,Anatomy
abdominal core,MeSH descriptor XML,Anatomy
abdominal fat,MeSH descriptor XML,Anatomy
abdominal muscles,MeSH descriptor XML,Anatomy
abdominal oblique muscles,MeSH descriptor XML,Anatomy
abdominal wall,MeSH descriptor XML,Anatomy
abducens nerve,MeSH descriptor XML,Anatomy
abducens nucleus,MeSH descriptor XML,Anatomy
abomasum,MeSH descriptor XML,Anatomy
aborted fetus,MeSH descriptor XML,Anatomy
acanthocytes,MeSH descriptor XML,Anatomy
accessory nerve,MeSH descriptor XML,Anatomy
acellular dermis,MeSH descriptor XML,Anatomy
acetabulum,MeSH descriptor XML,Anatomy
achilles tendon,MeSH descriptor XML,Anatomy
acinar cells,MeSH descriptor XML,Anatomy
acne keloid,MeSH descriptor XML,Anatomy
acoustic maculae,MeSH descriptor XML,Anatomy
acromioclavicular joint,MeSH descriptor XML,Anatomy
acromion,MeSH descriptor XML,Anatomy
acrosome,MeSH descriptor XML,Anatomy
actin cytoskeleton,MeSH descriptor XML,Anatomy
adenoids,MeSH descriptor XML,Anatomy
adherens junctions,MeSH descriptor XML,Anatomy
adipocytes,MeSH descriptor XML,Anatomy
"adipocytes, beige",MeSH descriptor XML,Anatomy
"adipocytes, brown",MeSH descriptor XML,Anatomy
"adipocytes, white",MeSH descriptor XML,Anatomy
adipose tissue,MeSH descriptor XML,Anatomy
"adipose tissue, beige",MeSH descriptor XML,Anatomy
"adipose tissue, brown",MeSH descriptor XML,Anatomy
"adipose tissue, white",MeSH descriptor XML,Anatomy
adnexa uteri,MeSH descriptor XML,Anatomy
adrenal cortex,MeSH descriptor XML,Anatomy
adrenal glands,MeSH descriptor XML,Anatomy
adrenal medulla,MeSH descriptor XML,Anatomy
adrenergic fibers,MeSH descriptor XML,Anatomy
adrenergic neurons,MeSH descriptor XML,Anatomy
adult germline stem cells,MeSH descriptor XML,Anatomy
adult stem cells,MeSH descriptor XML,Anatomy
adventitia,MeSH descriptor XML,Anatomy
afferent pathways,MeSH descriptor XML,Anatomy
air sacs,MeSH descriptor XML,Anatomy
allantois,MeSH descriptor XML,Anatomy
allogeneic cells,MeSH descriptor XML,Anatomy
allografts,MeSH descriptor XML,Anatomy
alveolar epithelial cells,MeSH descriptor XML,Anatomy
alveolar process,MeSH descriptor XML,Anatomy
amacrine cells,MeSH descriptor XML,Anatomy
ameloblasts,MeSH descriptor XML,Anatomy
amnion,MeSH descriptor XML,Anatomy
amniotic fluid,MeSH descriptor XML,Anatomy
ampulla of vater,MeSH descriptor XML,Anatomy
amputation stumps,MeSH descriptor XML,Anatomy
amygdala,MeSH descriptor XML,Anatomy
anal canal,MeSH descriptor XML,Anatomy
anal sacs,MeSH descriptor XML,Anatomy
anatomic landmarks,MeSH descriptor XML,Anatomy
animal fins,MeSH descriptor XML,Anatomy
animal fur,MeSH descriptor XML,Anatomy
animal scales,MeSH descriptor XML,Anatomy
animal shells,MeSH descriptor XML,Anatomy
animal structures,MeSH descriptor XML,Anatomy
ankle,MeSH descriptor XML,Anatomy
ankle joint,MeSH descriptor XML,Anatomy
annulus fibrosus,MeSH descriptor XML,Anatomy
anterior capsule of the lens,MeSH descriptor XML,Anatomy
anterior cerebral artery,MeSH descriptor XML,Anatomy
anterior chamber,MeSH descriptor XML,Anatomy
"anterior commissure, brain",MeSH descriptor XML,Anatomy
anterior cruciate ligament,MeSH descriptor XML,Anatomy
anterior eye segment,MeSH descriptor XML,Anatomy
anterior horn cells,MeSH descriptor XML,Anatomy
anterior hypothalamic nucleus,MeSH descriptor XML,Anatomy
anterior thalamic nuclei,MeSH descriptor XML,Anatomy
antibody-producing cells,MeSH descriptor XML,Anatomy
antigen-presenting cells,MeSH descriptor XML,Anatomy
antilymphocyte serum,MeSH descriptor XML,Anatomy
antlers,MeSH descriptor XML,Anatomy
aorta,MeSH descriptor XML,Anatomy
"aorta, abdominal",MeSH descriptor XML,Anatomy
"aorta, thoracic",MeSH descriptor XML,Anatomy
aortic bodies,MeSH descriptor XML,Anatomy
aortic valve,MeSH descriptor XML,Anatomy
apicoplasts,MeSH descriptor XML,Anatomy
apocrine glands,MeSH descriptor XML,Anatomy
aponeurosis,MeSH descriptor XML,Anatomy
appendix,MeSH descriptor XML,Anatomy
apud cells,MeSH descriptor XML,Anatomy
aqueous humor,MeSH descriptor XML,Anatomy
arachnoid,MeSH descriptor XML,Anatomy
arcuate nucleus of hypothalamus,MeSH descriptor XML,Anatomy
area postrema,MeSH descriptor XML,Anatomy
arm,MeSH descriptor XML,Anatomy
arm bones,MeSH descriptor XML,Anatomy
arteries,MeSH descriptor XML,Anatomy
arterioles,MeSH descriptor XML,Anatomy
arteriovenous anastomosis,MeSH descriptor XML,Anatomy
arthropod antennae,MeSH descriptor XML,Anatomy
artificial virus-like particles,MeSH descriptor XML,Anatomy
arytenoid cartilage,MeSH descriptor XML,Anatomy
ascitic fluid,MeSH descriptor XML,Anatomy
astrocytes,MeSH descriptor XML,Anatomy
atlanto-axial joint,MeSH descriptor XML,Anatomy
atlanto-occipital joint,MeSH descriptor XML,Anatomy
atrial appendage,MeSH descriptor XML,Anatomy
atrial septum,MeSH descriptor XML,Anatomy
atrioventricular node,MeSH descriptor XML,Anatomy
atypical squamous cells of the cervix,MeSH descriptor XML,Anatomy
auditory cortex,MeSH descriptor XML,Anatomy
auditory pathways,MeSH descriptor XML,Anatomy
autografts,MeSH descriptor XML,Anatomy
"autonomic fibers, postganglionic",MeSH descriptor XML,Anatomy
"autonomic fibers, preganglionic",MeSH descriptor XML,Anatomy
autonomic nervous system,MeSH descriptor XML,Anatomy
autonomic pathways,MeSH descriptor XML,Anatomy
autophagosomes,MeSH descriptor XML,Anatomy
"axial length, eye",MeSH descriptor XML,Anatomy
axilla,MeSH descriptor XML,Anatomy
axillary artery,MeSH descriptor XML,Anatomy
axillary vein,MeSH descriptor XML,Anatomy
"axis, cervical vertebra",MeSH descriptor XML,Anatomy
axon initial segment,MeSH descriptor XML,Anatomy
axoneme,MeSH descriptor XML,Anatomy
axons,MeSH descriptor XML,Anatomy
azygos vein,MeSH descriptor XML,Anatomy
b-lymphocyte subsets,MeSH descriptor XML,Anatomy
b-lymphocytes,MeSH descriptor XML,Anatomy
"b-lymphocytes, regulatory",MeSH descriptor XML,Anatomy
back,MeSH descriptor XML,Anatomy
back muscles,MeSH descriptor XML,Anatomy
bacterial capsules,MeSH descriptor XML,Anatomy
bacterial chromatophores,MeSH descriptor XML,Anatomy
bacterial outer membrane,MeSH descriptor XML,Anatomy
bacterial structures,MeSH descriptor XML,Anatomy
balb 3t3 cells,MeSH descriptor XML,Anatomy
barrington's nucleus,MeSH descriptor XML,Anatomy
bartholin's glands,MeSH descriptor XML,Anatomy
basal bodies,MeSH descriptor XML,Anatomy
basal forebrain,MeSH descriptor XML,Anatomy
basal ganglia,MeSH descriptor XML,Anatomy
basal nucleus of meynert,MeSH descriptor XML,Anatomy
basement membrane,MeSH descriptor XML,Anatomy
basilar artery,MeSH descriptor XML,Anatomy
basilar membrane,MeSH descriptor XML,Anatomy
basolateral nuclear complex,MeSH descriptor XML,Anatomy
basophils,MeSH descriptor XML,Anatomy
beak,MeSH descriptor XML,Anatomy
bicuspid,MeSH descriptor XML,Anatomy
bile,MeSH descriptor XML,Anatomy
bile canaliculi,MeSH descriptor XML,Anatomy
bile ducts,MeSH descriptor XML,Anatomy
"bile ducts, extrahepatic",MeSH descriptor XML,Anatomy
"bile ducts, intrahepatic",MeSH descriptor XML,Anatomy
biliary tract,MeSH descriptor XML,Anatomy
biofilms,MeSH descriptor XML,Anatomy
biomolecular condensates,MeSH descriptor XML,Anatomy
blastocyst,MeSH descriptor XML,Anatomy
blastocyst inner cell mass,MeSH descriptor XML,Anatomy
blastoderm,MeSH descriptor XML,Anatomy
blastodisc,MeSH descriptor XML,Anatomy
blastomeres,MeSH descriptor XML,Anatomy
blastula,MeSH descriptor XML,Anatomy
blood,MeSH descriptor XML,Anatomy
blood buffy coat,MeSH descriptor XML,Anatomy
blood cells,MeSH descriptor XML,Anatomy
blood platelets,MeSH descriptor XML,Anatomy
blood vessels,MeSH descriptor XML,Anatomy
blood-air barrier,MeSH descriptor XML,Anatomy
blood-aqueous barrier,MeSH descriptor XML,Anatomy
blood-brain barrier,MeSH descriptor XML,Anatomy
blood-nerve barrier,MeSH descriptor XML,Anatomy
blood-retinal barrier,MeSH descriptor XML,Anatomy
blood-testis barrier,MeSH descriptor XML,Anatomy
bodily secretions,MeSH descriptor XML,Anatomy
body fluid compartments,MeSH descriptor XML,Anatomy
body fluids,MeSH descriptor XML,Anatomy
body regions,MeSH descriptor XML,Anatomy
body water,MeSH descriptor XML,Anatomy
bone and bones,MeSH descriptor XML,Anatomy
bone marrow,MeSH descriptor XML,Anatomy
bone marrow cells,MeSH descriptor XML,Anatomy
bone matrix,MeSH descriptor XML,Anatomy
bone-implant interface,MeSH descriptor XML,Anatomy
bone-patellar tendon-bone grafts,MeSH descriptor XML,Anatomy
bones of lower extremity,MeSH descriptor XML,Anatomy
bones of upper extremity,MeSH descriptor XML,Anatomy
bony callus,MeSH descriptor XML,Anatomy
bowman capsule,MeSH descriptor XML,Anatomy
bowman membrane,MeSH descriptor XML,Anatomy
brachial artery,MeSH descriptor XML,Anatomy
brachial plexus,MeSH descriptor XML,Anatomy
brachiocephalic trunk,MeSH descriptor XML,Anatomy
brachiocephalic veins,MeSH descriptor XML,Anatomy
brain,MeSH descriptor XML,Anatomy
brain stem,MeSH descriptor XML,Anatomy
branchial region,MeSH descriptor XML,Anatomy
breast,MeSH descriptor XML,Anatomy
broad ligament,MeSH descriptor XML,Anatomy
broca area,MeSH descriptor XML,Anatomy
bronchi,MeSH descriptor XML,Anatomy
bronchial arteries,MeSH descriptor XML,Anatomy
bronchioles,MeSH descriptor XML,Anatomy
bruch membrane,MeSH descriptor XML,Anatomy
brunner glands,MeSH descriptor XML,Anatomy
bulbourethral glands,MeSH descriptor XML,Anatomy
bundle of his,MeSH descriptor XML,Anatomy
bursa of fabricius,MeSH descriptor XML,Anatomy
"bursa, synovial",MeSH descriptor XML,Anatomy
buttermilk,MeSH descriptor XML,Anatomy
buttocks,MeSH descriptor XML,Anatomy
"ca1 region, hippocampal",MeSH descriptor XML,Anatomy
"ca2 region, hippocampal",MeSH descriptor XML,Anatomy
"ca3 region, hippocampal",MeSH descriptor XML,Anatomy
caco-2 cells,MeSH descriptor XML,Anatomy
calcaneus,MeSH descriptor XML,Anatomy
cambium,MeSH descriptor XML,Anatomy
cancellous bone,MeSH descriptor XML,Anatomy
cancer-associated fibroblasts,MeSH descriptor XML,Anatomy
capillaries,MeSH descriptor XML,Anatomy
capitate bone,MeSH descriptor XML,Anatomy
capsid,MeSH descriptor XML,Anatomy
cardia,MeSH descriptor XML,Anatomy
cardiovascular system,MeSH descriptor XML,Anatomy
carotid arteries,MeSH descriptor XML,Anatomy
"carotid artery, common",MeSH descriptor XML,Anatomy
"carotid artery, external",MeSH descriptor XML,Anatomy
"carotid artery, internal",MeSH descriptor XML,Anatomy
carotid body,MeSH descriptor XML,Anatomy
carotid sinus,MeSH descriptor XML,Anatomy
carpal bones,MeSH descriptor XML,Anatomy
carpal joints,MeSH descriptor XML,Anatomy
carpometacarpal joints,MeSH descriptor XML,Anatomy
"carpus, animal",MeSH descriptor XML,Anatomy
cartilage,MeSH descriptor XML,Anatomy
"cartilage, articular",MeSH descriptor XML,Anatomy
cauda equina,MeSH descriptor XML,Anatomy
caudate nucleus,MeSH descriptor XML,Anatomy
caveolae,MeSH descriptor XML,Anatomy
cavernous sinus,MeSH descriptor XML,Anatomy
cd4-positive t-lymphocytes,MeSH descriptor XML,Anatomy
cd8-positive t-lymphocytes,MeSH descriptor XML,Anatomy
cecum,MeSH descriptor XML,Anatomy
celiac artery,MeSH descriptor XML,Anatomy
celiac plexus,MeSH descriptor XML,Anatomy
cell body,MeSH descriptor XML,Anatomy
cell line,MeSH descriptor XML,Anatomy
"cell line, transformed",MeSH descriptor XML,Anatomy
"cell line, tumor",MeSH descriptor XML,Anatomy
cell membrane,MeSH descriptor XML,Anatomy
cell membrane structures,MeSH descriptor XML,Anatomy
cell nucleolus,MeSH descriptor XML,Anatomy
cell nucleus,MeSH descriptor XML,Anatomy
cell nucleus structures,MeSH descriptor XML,Anatomy
cell surface extensions,MeSH descriptor XML,Anatomy
cell wall,MeSH descriptor XML,Anatomy
cell wall skeleton,MeSH descriptor XML,Anatomy
cell-derived microparticles,MeSH descriptor XML,Anatomy
cell-free system,MeSH descriptor XML,Anatomy
cell-matrix junctions,MeSH descriptor XML,Anatomy
cells,MeSH descriptor XML,Anatomy
"cells, cultured",MeSH descriptor XML,Anatomy
"cells, immobilized",MeSH descriptor XML,Anatomy
cellular structures,MeSH descriptor XML,Anatomy
cellulosomes,MeSH descriptor XML,Anatomy
central amygdaloid nucleus,MeSH descriptor XML,Anatomy
central nervous system,MeSH descriptor XML,Anatomy
central pattern generators,MeSH descriptor XML,Anatomy
centrioles,MeSH descriptor XML,Anatomy
centromere,MeSH descriptor XML,Anatomy
centrosome,MeSH descriptor XML,Anatomy
cerebellar cortex,MeSH descriptor XML,Anatomy
cerebellar golgi cells,MeSH descriptor XML,Anatomy
cerebellar nuclei,MeSH descriptor XML,Anatomy
cerebellar vermis,MeSH descriptor XML,Anatomy
cerebellopontine angle,MeSH descriptor XML,Anatomy
cerebellum,MeSH descriptor XML,Anatomy
cerebral aqueduct,MeSH descriptor XML,Anatomy
cerebral arteries,MeSH descriptor XML,Anatomy
cerebral cortex,MeSH descriptor XML,Anatomy
cerebral crus,MeSH descriptor XML,Anatomy
cerebral peduncle,MeSH descriptor XML,Anatomy
cerebral veins,MeSH descriptor XML,Anatomy
cerebral ventricles,MeSH descriptor XML,Anatomy
cerebrospinal fluid,MeSH descriptor XML,Anatomy
cerebrum,MeSH descriptor XML,Anatomy
cerumen,MeSH descriptor XML,Anatomy
cervical atlas,MeSH descriptor XML,Anatomy
cervical cord,MeSH descriptor XML,Anatomy
cervical plexus,MeSH descriptor XML,Anatomy
cervical rib,MeSH descriptor XML,Anatomy
cervical vertebrae,MeSH descriptor XML,Anatomy
cervix mucus,MeSH descriptor XML,Anatomy
cervix uteri,MeSH descriptor XML,Anatomy
cheek,MeSH descriptor XML,Anatomy
chemoreceptor cells,MeSH descriptor XML,Anatomy
chick embryo,MeSH descriptor XML,Anatomy
"chief cells, gastric",MeSH descriptor XML,Anatomy
chin,MeSH descriptor XML,Anatomy
chloroplasts,MeSH descriptor XML,Anatomy
cho cells,MeSH descriptor XML,Anatomy
cholinergic fibers,MeSH descriptor XML,Anatomy
cholinergic neurons,MeSH descriptor XML,Anatomy
chondrocytes,MeSH descriptor XML,Anatomy
chorda tympani nerve,MeSH descriptor XML,Anatomy
chordae tendineae,MeSH descriptor XML,Anatomy
chorioallantoic membrane,MeSH descriptor XML,Anatomy
chorion,MeSH descriptor XML,Anatomy
chorionic villi,MeSH descriptor XML,Anatomy
choroid,MeSH descriptor XML,Anatomy
choroid plexus,MeSH descriptor XML,Anatomy
chromaffin cells,MeSH descriptor XML,Anatomy
chromaffin granules,MeSH descriptor XML,Anatomy
chromaffin system,MeSH descriptor XML,Anatomy
chromatids,MeSH descriptor XML,Anatomy
chromatin,MeSH descriptor XML,Anatomy
chromatophores,MeSH descriptor XML,Anatomy
chromosomal puffs,MeSH descriptor XML,Anatomy
chromosome structures,MeSH descriptor XML,Anatomy
chromosomes,MeSH descriptor XML,Anatomy
"chromosomes, archaeal",MeSH descriptor XML,Anatomy
"chromosomes, artificial",MeSH descriptor XML,Anatomy
"chromosomes, artificial, bacterial",MeSH descriptor XML,Anatomy
"chromosomes, artificial, human",MeSH descriptor XML,Anatomy
"chromosomes, artificial, mammalian",MeSH descriptor XML,Anatomy
"chromosomes, artificial, p1 bacteriophage",MeSH descriptor XML,Anatomy
"chromosomes, artificial, yeast",MeSH descriptor XML,Anatomy
"chromosomes, bacterial",MeSH descriptor XML,Anatomy
"chromosomes, fungal",MeSH descriptor XML,Anatomy
"chromosomes, human",MeSH descriptor XML,Anatomy
"chromosomes, human, 1-3",MeSH descriptor XML,Anatomy
"chromosomes, human, 13-15",MeSH descriptor XML,Anatomy
"chromosomes, human, 16-18",MeSH descriptor XML,Anatomy
"chromosomes, human, 19-20",MeSH descriptor XML,Anatomy
"chromosomes, human, 21-22 and y",MeSH descriptor XML,Anatomy
"chromosomes, human, 4-5",MeSH descriptor XML,Anatomy
"chromosomes, human, 6-12 and x",MeSH descriptor XML,Anatomy
"chromosomes, human, pair 1",MeSH descriptor XML,Anatomy
"chromosomes, human, pair 10",MeSH descriptor XML,Anatomy
"chromosomes, human, pair 11",MeSH descriptor XML,Anatomy
"chromosomes, human, pair 12",MeSH descriptor XML,Anatomy
"chromosomes, human, pair 13",MeSH descriptor XML,Anatomy
"chromosomes, human, pair 14",MeSH descriptor XML,Anatomy
"chromosomes, human, pair 15",MeSH descriptor XML,Anatomy
"chromosomes, human, pair 16",MeSH descriptor XML,Anatomy
"chromosomes, human, pair 17",MeSH descriptor XML,Anatomy
"chromosomes, human, pair 18",MeSH descriptor XML,Anatomy
"chromosomes, human, pair 19",MeSH descriptor XML,Anatomy
"chromosomes, human, pair 2",MeSH descriptor XML,Anatomy
"chromosomes, human, pair 20",MeSH descriptor XML,Anatomy
"chromosomes, human, pair 21",MeSH descriptor XML,Anatomy
"chromosomes, human, pair 22",MeSH descriptor XML,Anatomy
"chromosomes, human, pair 3",MeSH descriptor XML,Anatomy
"chromosomes, human, pair 4",MeSH descriptor XML,Anatomy
"chromosomes, human, pair 5",MeSH descriptor XML,Anatomy
"chromosomes, human, pair 6",MeSH descriptor XML,Anatomy
"chromosomes, human, pair 7",MeSH descriptor XML,Anatomy
"chromosomes, human, pair 8",MeSH descriptor XML,Anatomy
"chromosomes, human, pair 9",MeSH descriptor XML,Anatomy
"chromosomes, human, x",MeSH descriptor XML,Anatomy
"chromosomes, human, y",MeSH descriptor XML,Anatomy
"chromosomes, insect",MeSH descriptor XML,Anatomy
"chromosomes, mammalian",MeSH descriptor XML,Anatomy
"chromosomes, plant",MeSH descriptor XML,Anatomy
chyle,MeSH descriptor XML,Anatomy
cicatrix,MeSH descriptor XML,Anatomy
"cicatrix, hypertrophic",MeSH descriptor XML,Anatomy
cilia,MeSH descriptor XML,Anatomy
ciliary arteries,MeSH descriptor XML,Anatomy
ciliary body,MeSH descriptor XML,Anatomy
circle of willis,MeSH descriptor XML,Anatomy
circumventricular organs,MeSH descriptor XML,Anatomy
cisterna magna,MeSH descriptor XML,Anatomy
clathrin-coated vesicles,MeSH descriptor XML,Anatomy
claustrum,MeSH descriptor XML,Anatomy
clavicle,MeSH descriptor XML,Anatomy
"cleavage stage, ovum",MeSH descriptor XML,Anatomy
clitoris,MeSH descriptor XML,Anatomy
cloaca,MeSH descriptor XML,Anatomy
clone cells,MeSH descriptor XML,Anatomy
"coated pits, cell-membrane",MeSH descriptor XML,Anatomy
coated vesicles,MeSH descriptor XML,Anatomy
coccyx,MeSH descriptor XML,Anatomy
cochlea,MeSH descriptor XML,Anatomy
cochlear aqueduct,MeSH descriptor XML,Anatomy
cochlear duct,MeSH descriptor XML,Anatomy
cochlear nerve,MeSH descriptor XML,Anatomy
cochlear nucleus,MeSH descriptor XML,Anatomy
coiled bodies,MeSH descriptor XML,Anatomy
"collateral ligament, ulnar",MeSH descriptor XML,Anatomy
collateral ligaments,MeSH descriptor XML,Anatomy
colon,MeSH descriptor XML,Anatomy
"colon, ascending",MeSH descriptor XML,Anatomy
"colon, descending",MeSH descriptor XML,Anatomy
"colon, sigmoid",MeSH descriptor XML,Anatomy
"colon, transverse",MeSH descriptor XML,Anatomy
colonic pouches,MeSH descriptor XML,Anatomy
colostrum,MeSH descriptor XML,Anatomy
comb and wattles,MeSH descriptor XML,Anatomy
commissural interneurons,MeSH descriptor XML,Anatomy
common bile duct,MeSH descriptor XML,Anatomy
composite tissue allografts,MeSH descriptor XML,Anatomy
"compound eye, arthropod",MeSH descriptor XML,Anatomy
conjunctiva,MeSH descriptor XML,Anatomy
connective tissue,MeSH descriptor XML,Anatomy
connective tissue cells,MeSH descriptor XML,Anatomy
cop-coated vesicles,MeSH descriptor XML,Anatomy
coracoid process,MeSH descriptor XML,Anatomy
cornea,MeSH descriptor XML,Anatomy
corneal keratocytes,MeSH descriptor XML,Anatomy
corneal stroma,MeSH descriptor XML,Anatomy
coronary sinus,MeSH descriptor XML,Anatomy
coronary vessels,MeSH descriptor XML,Anatomy
corpora allata,MeSH descriptor XML,Anatomy
corpus callosum,MeSH descriptor XML,Anatomy
corpus luteum,MeSH descriptor XML,Anatomy
corpus striatum,MeSH descriptor XML,Anatomy
cortical bone,MeSH descriptor XML,Anatomy
corticomedial nuclear complex,MeSH descriptor XML,Anatomy
corticotrophs,MeSH descriptor XML,Anatomy
cos cells,MeSH descriptor XML,Anatomy
costal cartilage,MeSH descriptor XML,Anatomy
costameres,MeSH descriptor XML,Anatomy
cotyledon,MeSH descriptor XML,Anatomy
cranial fontanelles,MeSH descriptor XML,Anatomy
"cranial fossa, anterior",MeSH descriptor XML,Anatomy
"cranial fossa, middle",MeSH descriptor XML,Anatomy
"cranial fossa, posterior",MeSH descriptor XML,Anatomy
cranial nerves,MeSH descriptor XML,Anatomy
cranial sinuses,MeSH descriptor XML,Anatomy
cranial sutures,MeSH descriptor XML,Anatomy
cricoid cartilage,MeSH descriptor XML,Anatomy
"crop, avian",MeSH descriptor XML,Anatomy
cumulus cells,MeSH descriptor XML,Anatomy
cuspid,MeSH descriptor XML,Anatomy
cyst fluid,MeSH descriptor XML,Anatomy
cystic duct,MeSH descriptor XML,Anatomy
cytokine-induced killer cells,MeSH descriptor XML,Anatomy
cytoplasm,MeSH descriptor XML,Anatomy
cytoplasmic granules,MeSH descriptor XML,Anatomy
cytoplasmic ribonucleoprotein granules,MeSH descriptor XML,Anatomy
cytoplasmic structures,MeSH descriptor XML,Anatomy
cytoplasmic vesicles,MeSH descriptor XML,Anatomy
cytoskeleton,MeSH descriptor XML,Anatomy
cytosol,MeSH descriptor XML,Anatomy
dander,MeSH descriptor XML,Anatomy
decellularized extracellular matrix,MeSH descriptor XML,Anatomy
decidua,MeSH descriptor XML,Anatomy
deciduoma,MeSH descriptor XML,Anatomy
default mode network,MeSH descriptor XML,Anatomy
deltoid muscle,MeSH descriptor XML,Anatomy
dendrites,MeSH descriptor XML,Anatomy
dendritic cells,MeSH descriptor XML,Anatomy
"dendritic cells, follicular",MeSH descriptor XML,Anatomy
dendritic spines,MeSH descriptor XML,Anatomy
dense core vesicles,MeSH descriptor XML,Anatomy
dental arch,MeSH descriptor XML,Anatomy
dental cementum,MeSH descriptor XML,Anatomy
dental enamel,MeSH descriptor XML,Anatomy
dental fissures,MeSH descriptor XML,Anatomy
dental papilla,MeSH descriptor XML,Anatomy
dental pellicle,MeSH descriptor XML,Anatomy
dental pulp,MeSH descriptor XML,Anatomy
dental pulp cavity,MeSH descriptor XML,Anatomy
dental sac,MeSH descriptor XML,Anatomy
dentate gyrus,MeSH descriptor XML,Anatomy
dentin,MeSH descriptor XML,Anatomy
"dentin, secondary",MeSH descriptor XML,Anatomy
dentinal fluid,MeSH descriptor XML,Anatomy
dentition,MeSH descriptor XML,Anatomy
"dentition, mixed",MeSH descriptor XML,Anatomy
"dentition, permanent",MeSH descriptor XML,Anatomy
dermis,MeSH descriptor XML,Anatomy
descemet membrane,MeSH descriptor XML,Anatomy
desmosomes,MeSH descriptor XML,Anatomy
diagonal band of broca,MeSH descriptor XML,Anatomy
diaphragm,MeSH descriptor XML,Anatomy
diaphyses,MeSH descriptor XML,Anatomy
diencephalon,MeSH descriptor XML,Anatomy
digestive system,MeSH descriptor XML,Anatomy
dopaminergic neurons,MeSH descriptor XML,Anatomy
dorsal raphe nucleus,MeSH descriptor XML,Anatomy
dorsolateral prefrontal cortex,MeSH descriptor XML,Anatomy
dorsomedial hypothalamic nucleus,MeSH descriptor XML,Anatomy
douglas' pouch,MeSH descriptor XML,Anatomy
ductus arteriosus,MeSH descriptor XML,Anatomy
duodenum,MeSH descriptor XML,Anatomy
dura mater,MeSH descriptor XML,Anatomy
ear,MeSH descriptor XML,Anatomy
ear auricle,MeSH descriptor XML,Anatomy
ear canal,MeSH descriptor XML,Anatomy
ear cartilage,MeSH descriptor XML,Anatomy
ear ossicles,MeSH descriptor XML,Anatomy
"ear, external",MeSH descriptor XML,Anatomy
"ear, inner",MeSH descriptor XML,Anatomy
"ear, middle",MeSH descriptor XML,Anatomy
eccrine glands,MeSH descriptor XML,Anatomy
ectoderm,MeSH descriptor XML,Anatomy
ectodermal placodes,MeSH descriptor XML,Anatomy
edible grain,MeSH descriptor XML,Anatomy
edinger-westphal nucleus,MeSH descriptor XML,Anatomy
efferent pathways,MeSH descriptor XML,Anatomy
egg shell,MeSH descriptor XML,Anatomy
egg yolk,MeSH descriptor XML,Anatomy
ejaculatory ducts,MeSH descriptor XML,Anatomy
elastic cartilage,MeSH descriptor XML,Anatomy
elastic tissue,MeSH descriptor XML,Anatomy
elbow,MeSH descriptor XML,Anatomy
elbow joint,MeSH descriptor XML,Anatomy
electric organ,MeSH descriptor XML,Anatomy
electrical synapses,MeSH descriptor XML,Anatomy
"embryo, mammalian",MeSH descriptor XML,Anatomy
"embryo, nonmammalian",MeSH descriptor XML,Anatomy
embryoid bodies,MeSH descriptor XML,Anatomy
embryonal carcinoma stem cells,MeSH descriptor XML,Anatomy
embryonic germ cells,MeSH descriptor XML,Anatomy
embryonic stem cells,MeSH descriptor XML,Anatomy
embryonic structures,MeSH descriptor XML,Anatomy
enamel organ,MeSH descriptor XML,Anatomy
endocardial cushions,MeSH descriptor XML,Anatomy
endocardium,MeSH descriptor XML,Anatomy
endocrine cells,MeSH descriptor XML,Anatomy
endocrine glands,MeSH descriptor XML,Anatomy
endocrine system,MeSH descriptor XML,Anatomy
endoderm,MeSH descriptor XML,Anatomy
endolymph,MeSH descriptor XML,Anatomy
endolymphatic duct,MeSH descriptor XML,Anatomy
endolymphatic sac,MeSH descriptor XML,Anatomy
endometrium,MeSH descriptor XML,Anatomy
endoplasmic reticulum,MeSH descriptor XML,Anatomy
"endoplasmic reticulum, rough",MeSH descriptor XML,Anatomy
"endoplasmic reticulum, smooth",MeSH descriptor XML,Anatomy
endosomes,MeSH descriptor XML,Anatomy
endosperm,MeSH descriptor XML,Anatomy
endothelial cells,MeSH descriptor XML,Anatomy
endothelial progenitor cells,MeSH descriptor XML,Anatomy
endothelium,MeSH descriptor XML,Anatomy
"endothelium, corneal",MeSH descriptor XML,Anatomy
"endothelium, lymphatic",MeSH descriptor XML,Anatomy
"endothelium, vascular",MeSH descriptor XML,Anatomy
enteric nervous system,MeSH descriptor XML,Anatomy
enterochromaffin cells,MeSH descriptor XML,Anatomy
enterochromaffin-like cells,MeSH descriptor XML,Anatomy
enterocytes,MeSH descriptor XML,Anatomy
enteroendocrine cells,MeSH descriptor XML,Anatomy
entopeduncular nucleus,MeSH descriptor XML,Anatomy
entorhinal cortex,MeSH descriptor XML,Anatomy
eosinophils,MeSH descriptor XML,Anatomy
ependyma,MeSH descriptor XML,Anatomy
ependymoglial cells,MeSH descriptor XML,Anatomy
epicardial adipose tissue,MeSH descriptor XML,Anatomy
epidermal cells,MeSH descriptor XML,Anatomy
epidermis,MeSH descriptor XML,Anatomy
epididymis,MeSH descriptor XML,Anatomy
epidural space,MeSH descriptor XML,Anatomy
epigastric arteries,MeSH descriptor XML,Anatomy
epiglottis,MeSH descriptor XML,Anatomy
epiphyses,MeSH descriptor XML,Anatomy
epithalamus,MeSH descriptor XML,Anatomy
epithelial attachment,MeSH descriptor XML,Anatomy
epithelial cells,MeSH descriptor XML,Anatomy
epithelioid cells,MeSH descriptor XML,Anatomy
epithelium,MeSH descriptor XML,Anatomy
"epithelium, corneal",MeSH descriptor XML,Anatomy
erythroblasts,MeSH descriptor XML,Anatomy
erythrocyte inclusions,MeSH descriptor XML,Anatomy
erythrocyte membrane,MeSH descriptor XML,Anatomy
erythrocytes,MeSH descriptor XML,Anatomy
"erythrocytes, abnormal",MeSH descriptor XML,Anatomy
erythroid cells,MeSH descriptor XML,Anatomy
erythroid precursor cells,MeSH descriptor XML,Anatomy
esophageal mucosa,MeSH descriptor XML,Anatomy
"esophageal sphincter, lower",MeSH descriptor XML,Anatomy
"esophageal sphincter, upper",MeSH descriptor XML,Anatomy
esophagogastric junction,MeSH descriptor XML,Anatomy
esophagus,MeSH descriptor XML,Anatomy
ethmoid bone,MeSH descriptor XML,Anatomy
ethmoid sinus,MeSH descriptor XML,Anatomy
euchromatin,MeSH descriptor XML,Anatomy
eukaryotic cells,MeSH descriptor XML,Anatomy
eustachian tube,MeSH descriptor XML,Anatomy
exocrine glands,MeSH descriptor XML,Anatomy
exosomes,MeSH descriptor XML,Anatomy
external capsule,MeSH descriptor XML,Anatomy
extracellular fluid,MeSH descriptor XML,Anatomy
extracellular matrix,MeSH descriptor XML,Anatomy
extracellular polymeric substance matrix,MeSH descriptor XML,Anatomy
extracellular space,MeSH descriptor XML,Anatomy
extracellular traps,MeSH descriptor XML,Anatomy
extracellular vesicles,MeSH descriptor XML,Anatomy
extraembryonic membranes,MeSH descriptor XML,Anatomy
extrapyramidal tracts,MeSH descriptor XML,Anatomy
extravascular lung water,MeSH descriptor XML,Anatomy
extravillous trophoblasts,MeSH descriptor XML,Anatomy
extremities,MeSH descriptor XML,Anatomy
exudates and transudates,MeSH descriptor XML,Anatomy
eye,MeSH descriptor XML,Anatomy
eyebrows,MeSH descriptor XML,Anatomy
eyelashes,MeSH descriptor XML,Anatomy
eyelids,MeSH descriptor XML,Anatomy
face,MeSH descriptor XML,Anatomy
facial bones,MeSH descriptor XML,Anatomy
facial muscles,MeSH descriptor XML,Anatomy
facial nerve,MeSH descriptor XML,Anatomy
facial nucleus,MeSH descriptor XML,Anatomy
fallopian tubes,MeSH descriptor XML,Anatomy
fascia,MeSH descriptor XML,Anatomy
fascia lata,MeSH descriptor XML,Anatomy
fat body,MeSH descriptor XML,Anatomy
feathers,MeSH descriptor XML,Anatomy
feces,MeSH descriptor XML,Anatomy
feeder cells,MeSH descriptor XML,Anatomy
femoral artery,MeSH descriptor XML,Anatomy
femoral nerve,MeSH descriptor XML,Anatomy
femoral vein,MeSH descriptor XML,Anatomy
femur,MeSH descriptor XML,Anatomy
femur head,MeSH descriptor XML,Anatomy
femur neck,MeSH descriptor XML,Anatomy
fetal blood,MeSH descriptor XML,Anatomy
fetal heart,MeSH descriptor XML,Anatomy
fetal stem cells,MeSH descriptor XML,Anatomy
fetus,MeSH descriptor XML,Anatomy
fibroblasts,MeSH descriptor XML,Anatomy
fibrocartilage,MeSH descriptor XML,Anatomy
fibula,MeSH descriptor XML,Anatomy
filamins,MeSH descriptor XML,Anatomy
"fimbriae, bacterial",MeSH descriptor XML,Anatomy
finger joint,MeSH descriptor XML,Anatomy
finger phalanges,MeSH descriptor XML,Anatomy
fingers,MeSH descriptor XML,Anatomy
flagella,MeSH descriptor XML,Anatomy
flowering tops,MeSH descriptor XML,Anatomy
flowers,MeSH descriptor XML,Anatomy
fluids and secretions,MeSH descriptor XML,Anatomy
foam cells,MeSH descriptor XML,Anatomy
focal adhesions,MeSH descriptor XML,Anatomy
follicular fluid,MeSH descriptor XML,Anatomy
foot,MeSH descriptor XML,Anatomy
foot bones,MeSH descriptor XML,Anatomy
foot joints,MeSH descriptor XML,Anatomy
foramen magnum,MeSH descriptor XML,Anatomy
foramen ovale,MeSH descriptor XML,Anatomy
forearm,MeSH descriptor XML,Anatomy
"forefoot, human",MeSH descriptor XML,Anatomy
forehead,MeSH descriptor XML,Anatomy
forelimb,MeSH descriptor XML,Anatomy
foreskin,MeSH descriptor XML,Anatomy
"fornix, brain",MeSH descriptor XML,Anatomy
fourth ventricle,MeSH descriptor XML,Anatomy
fovea centralis,MeSH descriptor XML,Anatomy
free tissue flaps,MeSH descriptor XML,Anatomy
frontal bone,MeSH descriptor XML,Anatomy
frontal lobe,MeSH descriptor XML,Anatomy
frontal sinus,MeSH descriptor XML,Anatomy
fruit,MeSH descriptor XML,Anatomy
"fruiting bodies, fungal",MeSH descriptor XML,Anatomy
fundus oculi,MeSH descriptor XML,Anatomy
fungal capsules,MeSH descriptor XML,Anatomy
fungal structures,MeSH descriptor XML,Anatomy
gabaergic neurons,MeSH descriptor XML,Anatomy
gallbladder,MeSH descriptor XML,Anatomy
ganglia,MeSH descriptor XML,Anatomy
"ganglia, autonomic",MeSH descriptor XML,Anatomy
"ganglia, invertebrate",MeSH descriptor XML,Anatomy
"ganglia, parasympathetic",MeSH descriptor XML,Anatomy
"ganglia, sensory",MeSH descriptor XML,Anatomy
"ganglia, spinal",MeSH descriptor XML,Anatomy
"ganglia, sympathetic",MeSH descriptor XML,Anatomy
ganglionic eminence,MeSH descriptor XML,Anatomy
gap junctions,MeSH descriptor XML,Anatomy
gastric acid,MeSH descriptor XML,Anatomy
gastric artery,MeSH descriptor XML,Anatomy
gastric fundus,MeSH descriptor XML,Anatomy
gastric juice,MeSH descriptor XML,Anatomy
gastric mucosa,MeSH descriptor XML,Anatomy
gastric stump,MeSH descriptor XML,Anatomy
gastrin-secreting cells,MeSH descriptor XML,Anatomy
gastroepiploic artery,MeSH descriptor XML,Anatomy
gastrointestinal contents,MeSH descriptor XML,Anatomy
gastrointestinal tract,MeSH descriptor XML,Anatomy
gastrula,MeSH descriptor XML,Anatomy
gemini of coiled bodies,MeSH descriptor XML,Anatomy
geniculate bodies,MeSH descriptor XML,Anatomy
geniculate ganglion,MeSH descriptor XML,Anatomy
genitalia,MeSH descriptor XML,Anatomy
"genitalia, female",MeSH descriptor XML,Anatomy
"genitalia, male",MeSH descriptor XML,Anatomy
germ cell ribonucleoprotein granules,MeSH descriptor XML,Anatomy
germ cells,MeSH descriptor XML,Anatomy
"germ cells, plant",MeSH descriptor XML,Anatomy
germ layers,MeSH descriptor XML,Anatomy
germinal center,MeSH descriptor XML,Anatomy
gestational sac,MeSH descriptor XML,Anatomy
giant cells,MeSH descriptor XML,Anatomy
"giant cells, foreign-body",MeSH descriptor XML,Anatomy
"giant cells, langhans",MeSH descriptor XML,Anatomy
gills,MeSH descriptor XML,Anatomy
gingiva,MeSH descriptor XML,Anatomy
gingival crevicular fluid,MeSH descriptor XML,Anatomy
"gizzard, avian",MeSH descriptor XML,Anatomy
"gizzard, non-avian",MeSH descriptor XML,Anatomy
glenoid cavity,MeSH descriptor XML,Anatomy
globus pallidus,MeSH descriptor XML,Anatomy
glomerular basement membrane,MeSH descriptor XML,Anatomy
glomerular filtration barrier,MeSH descriptor XML,Anatomy
glomerular mesangium,MeSH descriptor XML,Anatomy
glomus jugulare,MeSH descriptor XML,Anatomy
glomus tympanicum,MeSH descriptor XML,Anatomy
glossopharyngeal nerve,MeSH descriptor XML,Anatomy
glottis,MeSH descriptor XML,Anatomy
glucagon-secreting cells,MeSH descriptor XML,Anatomy
glycocalyx,MeSH descriptor XML,Anatomy
glymphatic system,MeSH descriptor XML,Anatomy
glyoxysomes,MeSH descriptor XML,Anatomy
goblet cells,MeSH descriptor XML,Anatomy
golgi apparatus,MeSH descriptor XML,Anatomy
golgi-mazzoni corpuscles,MeSH descriptor XML,Anatomy
gonadotrophs,MeSH descriptor XML,Anatomy
gonads,MeSH descriptor XML,Anatomy
gracilis muscle,MeSH descriptor XML,Anatomy
granulation tissue,MeSH descriptor XML,Anatomy
granulocyte precursor cells,MeSH descriptor XML,Anatomy
granulocyte-macrophage progenitor cells,MeSH descriptor XML,Anatomy
granulocytes,MeSH descriptor XML,Anatomy
granulosa cells,MeSH descriptor XML,Anatomy
gray matter,MeSH descriptor XML,Anatomy
grid cells,MeSH descriptor XML,Anatomy
groin,MeSH descriptor XML,Anatomy
growth cones,MeSH descriptor XML,Anatomy
growth plate,MeSH descriptor XML,Anatomy
gubernaculum,MeSH descriptor XML,Anatomy
gyrus cinguli,MeSH descriptor XML,Anatomy
habenula,MeSH descriptor XML,Anatomy
hacat cells,MeSH descriptor XML,Anatomy
hair,MeSH descriptor XML,Anatomy
"hair cells, ampulla",MeSH descriptor XML,Anatomy
"hair cells, auditory",MeSH descriptor XML,Anatomy
"hair cells, auditory, inner",MeSH descriptor XML,Anatomy
"hair cells, auditory, outer",MeSH descriptor XML,Anatomy
"hair cells, vestibular",MeSH descriptor XML,Anatomy
hair follicle,MeSH descriptor XML,Anatomy
hallux,MeSH descriptor XML,Anatomy
hamate bone,MeSH descriptor XML,Anatomy
hamstring muscles,MeSH descriptor XML,Anatomy
hamstring tendons,MeSH descriptor XML,Anatomy
hand,MeSH descriptor XML,Anatomy
hand bones,MeSH descriptor XML,Anatomy
hand joints,MeSH descriptor XML,Anatomy
harderian gland,MeSH descriptor XML,Anatomy
haversian system,MeSH descriptor XML,Anatomy
hct116 cells,MeSH descriptor XML,Anatomy
head,MeSH descriptor XML,Anatomy
head kidney,MeSH descriptor XML,Anatomy
heart,MeSH descriptor XML,Anatomy
heart atria,MeSH descriptor XML,Anatomy
heart conduction system,MeSH descriptor XML,Anatomy
heart septum,MeSH descriptor XML,Anatomy
heart valves,MeSH descriptor XML,Anatomy
heart ventricles,MeSH descriptor XML,Anatomy
heel,MeSH descriptor XML,Anatomy
heinz bodies,MeSH descriptor XML,Anatomy
hek293 cells,MeSH descriptor XML,Anatomy
hela cells,MeSH descriptor XML,Anatomy
hemangioblasts,MeSH descriptor XML,Anatomy
hematopoietic stem cells,MeSH descriptor XML,Anatomy
hematopoietic system,MeSH descriptor XML,Anatomy
hemic and immune systems,MeSH descriptor XML,Anatomy
hemidesmosomes,MeSH descriptor XML,Anatomy
hemocytes,MeSH descriptor XML,Anatomy
hemolymph,MeSH descriptor XML,Anatomy
hep g2 cells,MeSH descriptor XML,Anatomy
hepatic artery,MeSH descriptor XML,Anatomy
"hepatic duct, common",MeSH descriptor XML,Anatomy
hepatic stellate cells,MeSH descriptor XML,Anatomy
hepatic veins,MeSH descriptor XML,Anatomy
hepatocytes,MeSH descriptor XML,Anatomy
hepatopancreas,MeSH descriptor XML,Anatomy
heterochromatin,MeSH descriptor XML,Anatomy
heterografts,MeSH descriptor XML,Anatomy
high vocal center,MeSH descriptor XML,Anatomy
hindlimb,MeSH descriptor XML,Anatomy
hip,MeSH descriptor XML,Anatomy
hip joint,MeSH descriptor XML,Anatomy
hippocampus,MeSH descriptor XML,Anatomy
histiocytes,MeSH descriptor XML,Anatomy
hl-60 cells,MeSH descriptor XML,Anatomy
hoof and claw,MeSH descriptor XML,Anatomy
horns,MeSH descriptor XML,Anatomy
ht29 cells,MeSH descriptor XML,Anatomy
human embryonic stem cells,MeSH descriptor XML,Anatomy
human umbilical vein endothelial cells,MeSH descriptor XML,Anatomy
humeral head,MeSH descriptor XML,Anatomy
humerus,MeSH descriptor XML,Anatomy
hyalin,MeSH descriptor XML,Anatomy
hyaline cartilage,MeSH descriptor XML,Anatomy
hybrid cells,MeSH descriptor XML,Anatomy
hybridomas,MeSH descriptor XML,Anatomy
hymen,MeSH descriptor XML,Anatomy
hyoid bone,MeSH descriptor XML,Anatomy
hyphae,MeSH descriptor XML,Anatomy
hypocotyl,MeSH descriptor XML,Anatomy
hypogastric plexus,MeSH descriptor XML,Anatomy
hypoglossal nerve,MeSH descriptor XML,Anatomy
hypopharynx,MeSH descriptor XML,Anatomy
"hypothalamic area, lateral",MeSH descriptor XML,Anatomy
hypothalamic-pituitary-gonadal axis,MeSH descriptor XML,Anatomy
hypothalamo-hypophyseal system,MeSH descriptor XML,Anatomy
hypothalamus,MeSH descriptor XML,Anatomy
"hypothalamus, anterior",MeSH descriptor XML,Anatomy
"hypothalamus, middle",MeSH descriptor XML,Anatomy
"hypothalamus, posterior",MeSH descriptor XML,Anatomy
ileocecal valve,MeSH descriptor XML,Anatomy
ileum,MeSH descriptor XML,Anatomy
iliac artery,MeSH descriptor XML,Anatomy
iliac vein,MeSH descriptor XML,Anatomy
ilium,MeSH descriptor XML,Anatomy
imaginal discs,MeSH descriptor XML,Anatomy
immune sera,MeSH descriptor XML,Anatomy
immune system,MeSH descriptor XML,Anatomy
immunological memory cells,MeSH descriptor XML,Anatomy
immunological synapses,MeSH descriptor XML,Anatomy
incisor,MeSH descriptor XML,Anatomy
inclusion bodies,MeSH descriptor XML,Anatomy
"inclusion bodies, viral",MeSH descriptor XML,Anatomy
incus,MeSH descriptor XML,Anatomy
induced pluripotent stem cells,MeSH descriptor XML,Anatomy
inferior colliculi,MeSH descriptor XML,Anatomy
inferior olivary complex,MeSH descriptor XML,Anatomy
inflorescence,MeSH descriptor XML,Anatomy
infratemporal fossa,MeSH descriptor XML,Anatomy
inguinal canal,MeSH descriptor XML,Anatomy
insular cortex,MeSH descriptor XML,Anatomy
insulin-secreting cells,MeSH descriptor XML,Anatomy
integumentary system,MeSH descriptor XML,Anatomy
intercellular junctions,MeSH descriptor XML,Anatomy
intercostal muscles,MeSH descriptor XML,Anatomy
intercostal nerves,MeSH descriptor XML,Anatomy
intermediate back muscles,MeSH descriptor XML,Anatomy
intermediate filaments,MeSH descriptor XML,Anatomy
internal capsule,MeSH descriptor XML,Anatomy
interneurons,MeSH descriptor XML,Anatomy
interosseous membrane,MeSH descriptor XML,Anatomy
interpeduncular nucleus,MeSH descriptor XML,Anatomy
interrenal gland,MeSH descriptor XML,Anatomy
interstitial cells of cajal,MeSH descriptor XML,Anatomy
intervertebral disc,MeSH descriptor XML,Anatomy
intestinal mucosa,MeSH descriptor XML,Anatomy
intestinal secretions,MeSH descriptor XML,Anatomy
"intestine, large",MeSH descriptor XML,Anatomy
"intestine, small",MeSH descriptor XML,Anatomy
intestines,MeSH descriptor XML,Anatomy
intra-abdominal fat,MeSH descriptor XML,Anatomy
intracellular fluid,MeSH descriptor XML,Anatomy
intracellular membranes,MeSH descriptor XML,Anatomy
intracellular space,MeSH descriptor XML,Anatomy
intraepithelial lymphocytes,MeSH descriptor XML,Anatomy
intralaminar thalamic nuclei,MeSH descriptor XML,Anatomy
intranuclear inclusion bodies,MeSH descriptor XML,Anatomy
intranuclear space,MeSH descriptor XML,Anatomy
iris,MeSH descriptor XML,Anatomy
ischium,MeSH descriptor XML,Anatomy
islands of calleja,MeSH descriptor XML,Anatomy
islets of langerhans,MeSH descriptor XML,Anatomy
isochromosomes,MeSH descriptor XML,Anatomy
isografts,MeSH descriptor XML,Anatomy
jaw,MeSH descriptor XML,Anatomy
jejunum,MeSH descriptor XML,Anatomy
joint capsule,MeSH descriptor XML,Anatomy
joints,MeSH descriptor XML,Anatomy
jugular foramina,MeSH descriptor XML,Anatomy
jugular veins,MeSH descriptor XML,Anatomy
jurkat cells,MeSH descriptor XML,Anatomy
juxtaglomerular apparatus,MeSH descriptor XML,Anatomy
k562 cells,MeSH descriptor XML,Anatomy
kb cells,MeSH descriptor XML,Anatomy
kefir,MeSH descriptor XML,Anatomy
keloid,MeSH descriptor XML,Anatomy
keratinocytes,MeSH descriptor XML,Anatomy
kidney,MeSH descriptor XML,Anatomy
kidney calices,MeSH descriptor XML,Anatomy
kidney cortex,MeSH descriptor XML,Anatomy
kidney glomerulus,MeSH descriptor XML,Anatomy
kidney medulla,MeSH descriptor XML,Anatomy
kidney pelvis,MeSH descriptor XML,Anatomy
kidney tubules,MeSH descriptor XML,Anatomy
"kidney tubules, collecting",MeSH descriptor XML,Anatomy
"kidney tubules, distal",MeSH descriptor XML,Anatomy
"kidney tubules, proximal",MeSH descriptor XML,Anatomy
"killer cells, lymphokine-activated",MeSH descriptor XML,Anatomy
"killer cells, natural",MeSH descriptor XML,Anatomy
kinetochores,MeSH descriptor XML,Anatomy
knee,MeSH descriptor XML,Anatomy
knee joint,MeSH descriptor XML,Anatomy
kolliker-fuse nucleus,MeSH descriptor XML,Anatomy
koumiss,MeSH descriptor XML,Anatomy
kupffer cells,MeSH descriptor XML,Anatomy
l cells,MeSH descriptor XML,Anatomy
labial frenum,MeSH descriptor XML,Anatomy
labyrinth supporting cells,MeSH descriptor XML,Anatomy
labyrinthine fluids,MeSH descriptor XML,Anatomy
lacrimal apparatus,MeSH descriptor XML,Anatomy
lactotrophs,MeSH descriptor XML,Anatomy
lamellar bodies,MeSH descriptor XML,Anatomy
langerhans cells,MeSH descriptor XML,Anatomy
laryngeal cartilages,MeSH descriptor XML,Anatomy
laryngeal mucosa,MeSH descriptor XML,Anatomy
laryngeal muscles,MeSH descriptor XML,Anatomy
laryngeal nerves,MeSH descriptor XML,Anatomy
larynx,MeSH descriptor XML,Anatomy
"lateral ligament, ankle",MeSH descriptor XML,Anatomy
lateral line system,MeSH descriptor XML,Anatomy
lateral thalamic nuclei,MeSH descriptor XML,Anatomy
lateral ventricles,MeSH descriptor XML,Anatomy
leg,MeSH descriptor XML,Anatomy
leg bones,MeSH descriptor XML,Anatomy
"lens capsule, crystalline",MeSH descriptor XML,Anatomy
"lens cortex, crystalline",MeSH descriptor XML,Anatomy
"lens nucleus, crystalline",MeSH descriptor XML,Anatomy
"lens, crystalline",MeSH descriptor XML,Anatomy
lesser pelvis,MeSH descriptor XML,Anatomy
leukocytes,MeSH descriptor XML,Anatomy
"leukocytes, mononuclear",MeSH descriptor XML,Anatomy
lewy bodies,MeSH descriptor XML,Anatomy
leydig cells,MeSH descriptor XML,Anatomy
ligaments,MeSH descriptor XML,Anatomy
"ligaments, articular",MeSH descriptor XML,Anatomy
ligamentum flavum,MeSH descriptor XML,Anatomy
limb buds,MeSH descriptor XML,Anatomy
limbal stem cells,MeSH descriptor XML,Anatomy
limbic lobe,MeSH descriptor XML,Anatomy
limbic system,MeSH descriptor XML,Anatomy
limbus corneae,MeSH descriptor XML,Anatomy
lingual frenum,MeSH descriptor XML,Anatomy
lingual nerve,MeSH descriptor XML,Anatomy
lip,MeSH descriptor XML,Anatomy
lipid droplets,MeSH descriptor XML,Anatomy
liver,MeSH descriptor XML,Anatomy
llc-pk1 cells,MeSH descriptor XML,Anatomy
locus coeruleus,MeSH descriptor XML,Anatomy
longitudinal ligaments,MeSH descriptor XML,Anatomy
loop of henle,MeSH descriptor XML,Anatomy
lower extremity,MeSH descriptor XML,Anatomy
lower gastrointestinal tract,MeSH descriptor XML,Anatomy
lumbar vertebrae,MeSH descriptor XML,Anatomy
lumbosacral plexus,MeSH descriptor XML,Anatomy
lumbosacral region,MeSH descriptor XML,Anatomy
lunate bone,MeSH descriptor XML,Anatomy
lung,MeSH descriptor XML,Anatomy
luteal cells,MeSH descriptor XML,Anatomy
lymph,MeSH descriptor XML,Anatomy
lymph nodes,MeSH descriptor XML,Anatomy
lymphatic system,MeSH descriptor XML,Anatomy
lymphatic vessels,MeSH descriptor XML,Anatomy
lymphocyte subsets,MeSH descriptor XML,Anatomy
lymphocytes,MeSH descriptor XML,Anatomy
"lymphocytes, null",MeSH descriptor XML,Anatomy
"lymphocytes, tumor-infiltrating",MeSH descriptor XML,Anatomy
lymphoid progenitor cells,MeSH descriptor XML,Anatomy
lymphoid tissue,MeSH descriptor XML,Anatomy
lysosomes,MeSH descriptor XML,Anatomy
m cells,MeSH descriptor XML,Anatomy
macronucleus,MeSH descriptor XML,Anatomy
macrophages,MeSH descriptor XML,Anatomy
"macrophages, alveolar",MeSH descriptor XML,Anatomy
"macrophages, peritoneal",MeSH descriptor XML,Anatomy
macula lutea,MeSH descriptor XML,Anatomy
madin darby canine kidney cells,MeSH descriptor XML,Anatomy
magnetosomes,MeSH descriptor XML,Anatomy
malleus,MeSH descriptor XML,Anatomy
mallory bodies,MeSH descriptor XML,Anatomy
malpighian tubules,MeSH descriptor XML,Anatomy
mammary arteries,MeSH descriptor XML,Anatomy
"mammary glands, animal",MeSH descriptor XML,Anatomy
"mammary glands, human",MeSH descriptor XML,Anatomy
mammillary bodies,MeSH descriptor XML,Anatomy
mandible,MeSH descriptor XML,Anatomy
mandibular canal,MeSH descriptor XML,Anatomy
mandibular condyle,MeSH descriptor XML,Anatomy
mandibular nerve,MeSH descriptor XML,Anatomy
manubrium,MeSH descriptor XML,Anatomy
margins of excision,MeSH descriptor XML,Anatomy
masseter muscle,MeSH descriptor XML,Anatomy
mast cells,MeSH descriptor XML,Anatomy
masticatory muscles,MeSH descriptor XML,Anatomy
mastoid,MeSH descriptor XML,Anatomy
maxilla,MeSH descriptor XML,Anatomy
maxillary artery,MeSH descriptor XML,Anatomy
maxillary nerve,MeSH descriptor XML,Anatomy
maxillary sinus,MeSH descriptor XML,Anatomy
mcf-7 cells,MeSH descriptor XML,Anatomy
mda-mb-231 cells,MeSH descriptor XML,Anatomy
mechanoreceptors,MeSH descriptor XML,Anatomy
meckel diverticulum,MeSH descriptor XML,Anatomy
meconium,MeSH descriptor XML,Anatomy
"medial collateral ligament, knee",MeSH descriptor XML,Anatomy
medial forebrain bundle,MeSH descriptor XML,Anatomy
median eminence,MeSH descriptor XML,Anatomy
median nerve,MeSH descriptor XML,Anatomy
mediastinum,MeSH descriptor XML,Anatomy
mediodorsal thalamic nucleus,MeSH descriptor XML,Anatomy
medium spiny neurons,MeSH descriptor XML,Anatomy
medulla oblongata,MeSH descriptor XML,Anatomy
megakaryocyte progenitor cells,MeSH descriptor XML,Anatomy
megakaryocyte-erythroid progenitor cells,MeSH descriptor XML,Anatomy
megakaryocytes,MeSH descriptor XML,Anatomy
megaloblasts,MeSH descriptor XML,Anatomy
meibomian glands,MeSH descriptor XML,Anatomy
melanocytes,MeSH descriptor XML,Anatomy
melanophores,MeSH descriptor XML,Anatomy
melanosomes,MeSH descriptor XML,Anatomy
melanotrophs,MeSH descriptor XML,Anatomy
melena,MeSH descriptor XML,Anatomy
membrane microdomains,MeSH descriptor XML,Anatomy
membranes,MeSH descriptor XML,Anatomy
memory b cells,MeSH descriptor XML,Anatomy
memory t cells,MeSH descriptor XML,Anatomy
meningeal arteries,MeSH descriptor XML,Anatomy
meninges,MeSH descriptor XML,Anatomy
"menisci, tibial",MeSH descriptor XML,Anatomy
meniscus,MeSH descriptor XML,Anatomy
mental foramen,MeSH descriptor XML,Anatomy
meristem,MeSH descriptor XML,Anatomy
merkel cells,MeSH descriptor XML,Anatomy
merozoites,MeSH descriptor XML,Anatomy
mesangial cells,MeSH descriptor XML,Anatomy
mesencephalon,MeSH descriptor XML,Anatomy
mesenchymal stem cells,MeSH descriptor XML,Anatomy
mesenteric arteries,MeSH descriptor XML,Anatomy
"mesenteric artery, inferior",MeSH descriptor XML,Anatomy
"mesenteric artery, superior",MeSH descriptor XML,Anatomy
mesenteric veins,MeSH descriptor XML,Anatomy
mesentery,MeSH descriptor XML,Anatomy
mesocolon,MeSH descriptor XML,Anatomy
mesoderm,MeSH descriptor XML,Anatomy
mesolimbic system,MeSH descriptor XML,Anatomy
mesonephros,MeSH descriptor XML,Anatomy
mesophyll cells,MeSH descriptor XML,Anatomy
metacarpal bones,MeSH descriptor XML,Anatomy
metacarpophalangeal joint,MeSH descriptor XML,Anatomy
metacarpus,MeSH descriptor XML,Anatomy
metatarsal bones,MeSH descriptor XML,Anatomy
metatarsophalangeal joint,MeSH descriptor XML,Anatomy
metatarsus,MeSH descriptor XML,Anatomy
metencephalon,MeSH descriptor XML,Anatomy
metrial gland,MeSH descriptor XML,Anatomy
microbodies,MeSH descriptor XML,Anatomy
microfibrils,MeSH descriptor XML,Anatomy
microglia,MeSH descriptor XML,Anatomy
microneme,MeSH descriptor XML,Anatomy
"micronuclei, chromosome-defective",MeSH descriptor XML,Anatomy
"micronucleus, germline",MeSH descriptor XML,Anatomy
microphysiological systems,MeSH descriptor XML,Anatomy
microsomes,MeSH descriptor XML,Anatomy
"microsomes, liver",MeSH descriptor XML,Anatomy
microtubule-organizing center,MeSH descriptor XML,Anatomy
microtubules,MeSH descriptor XML,Anatomy
microvessels,MeSH descriptor XML,Anatomy
microvilli,MeSH descriptor XML,Anatomy
midbrain raphe nuclei,MeSH descriptor XML,Anatomy
midbrain reticular formation,MeSH descriptor XML,Anatomy
middle cerebellar peduncle,MeSH descriptor XML,Anatomy
middle cerebral artery,MeSH descriptor XML,Anatomy
midline thalamic nuclei,MeSH descriptor XML,Anatomy
milk,MeSH descriptor XML,Anatomy
milk proteins,MeSH descriptor XML,Anatomy
"milk, human",MeSH descriptor XML,Anatomy
mirror neurons,MeSH descriptor XML,Anatomy
mitochondria,MeSH descriptor XML,Anatomy
mitochondria associated membranes,MeSH descriptor XML,Anatomy
"mitochondria, heart",MeSH descriptor XML,Anatomy
"mitochondria, liver",MeSH descriptor XML,Anatomy
"mitochondria, muscle",MeSH descriptor XML,Anatomy
mitochondrial membranes,MeSH descriptor XML,Anatomy
mitochondrial ribosomes,MeSH descriptor XML,Anatomy
mitral valve,MeSH descriptor XML,Anatomy
molar,MeSH descriptor XML,Anatomy
"molar, third",MeSH descriptor XML,Anatomy
monocyte-macrophage precursor cells,MeSH descriptor XML,Anatomy
monocytes,MeSH descriptor XML,Anatomy
"monocytes, activated killer",MeSH descriptor XML,Anatomy
mononuclear phagocyte system,MeSH descriptor XML,Anatomy
morula,MeSH descriptor XML,Anatomy
"mossy fibers, hippocampal",MeSH descriptor XML,Anatomy
motor cortex,MeSH descriptor XML,Anatomy
motor endplate,MeSH descriptor XML,Anatomy
motor neurons,MeSH descriptor XML,Anatomy
"motor neurons, gamma",MeSH descriptor XML,Anatomy
mouse embryonic stem cells,MeSH descriptor XML,Anatomy
mouth,MeSH descriptor XML,Anatomy
mouth floor,MeSH descriptor XML,Anatomy
mouth mucosa,MeSH descriptor XML,Anatomy
mucosal-associated invariant t cells,MeSH descriptor XML,Anatomy
mucous membrane,MeSH descriptor XML,Anatomy
mucus,MeSH descriptor XML,Anatomy
mullerian ducts,MeSH descriptor XML,Anatomy
multipotent stem cells,MeSH descriptor XML,Anatomy
multivesicular bodies,MeSH descriptor XML,Anatomy
muscle cells,MeSH descriptor XML,Anatomy
"muscle fibers, fast-twitch",MeSH descriptor XML,Anatomy
"muscle fibers, skeletal",MeSH descriptor XML,Anatomy
"muscle fibers, slow-twitch",MeSH descriptor XML,Anatomy
muscle spindles,MeSH descriptor XML,Anatomy
"muscle, skeletal",MeSH descriptor XML,Anatomy
"muscle, smooth",MeSH descriptor XML,Anatomy
"muscle, smooth, vascular",MeSH descriptor XML,Anatomy
"muscle, striated",MeSH descriptor XML,Anatomy
muscles,MeSH descriptor XML,Anatomy
musculocutaneous nerve,MeSH descriptor XML,Anatomy
musculoskeletal system,MeSH descriptor XML,Anatomy
mushroom bodies,MeSH descriptor XML,Anatomy
mycelium,MeSH descriptor XML,Anatomy
mycorrhizae,MeSH descriptor XML,Anatomy
myelencephalon,MeSH descriptor XML,Anatomy
myelin sheath,MeSH descriptor XML,Anatomy
myeloid cells,MeSH descriptor XML,Anatomy
myeloid progenitor cells,MeSH descriptor XML,Anatomy
myeloid-derived suppressor cells,MeSH descriptor XML,Anatomy
myenteric plexus,MeSH descriptor XML,Anatomy
myoblasts,MeSH descriptor XML,Anatomy
"myoblasts, cardiac",MeSH descriptor XML,Anatomy
"myoblasts, skeletal",MeSH descriptor XML,Anatomy
"myoblasts, smooth muscle",MeSH descriptor XML,Anatomy
myocardium,MeSH descriptor XML,Anatomy
myocutaneous flap,MeSH descriptor XML,Anatomy
"myocytes, cardiac",MeSH descriptor XML,Anatomy
"myocytes, smooth muscle",MeSH descriptor XML,Anatomy
myofibrils,MeSH descriptor XML,Anatomy
myofibroblasts,MeSH descriptor XML,Anatomy
myometrium,MeSH descriptor XML,Anatomy
myotendinous junction,MeSH descriptor XML,Anatomy
nails,MeSH descriptor XML,Anatomy
nasal bone,MeSH descriptor XML,Anatomy
nasal cartilages,MeSH descriptor XML,Anatomy
nasal cavity,MeSH descriptor XML,Anatomy
nasal mucosa,MeSH descriptor XML,Anatomy
nasal septum,MeSH descriptor XML,Anatomy
nasolabial fold,MeSH descriptor XML,Anatomy
nasolacrimal duct,MeSH descriptor XML,Anatomy
nasopharynx,MeSH descriptor XML,Anatomy
natal teeth,MeSH descriptor XML,Anatomy
natural killer t-cells,MeSH descriptor XML,Anatomy
neck,MeSH descriptor XML,Anatomy
neck muscles,MeSH descriptor XML,Anatomy
nematocyst,MeSH descriptor XML,Anatomy
neocortex,MeSH descriptor XML,Anatomy
"neoplastic cells, circulating",MeSH descriptor XML,Anatomy
neoplastic stem cells,MeSH descriptor XML,Anatomy
neostriatum,MeSH descriptor XML,Anatomy
nephrons,MeSH descriptor XML,Anatomy
nerve endings,MeSH descriptor XML,Anatomy
nerve fibers,MeSH descriptor XML,Anatomy
"nerve fibers, myelinated",MeSH descriptor XML,Anatomy
"nerve fibers, unmyelinated",MeSH descriptor XML,Anatomy
nerve net,MeSH descriptor XML,Anatomy
nerve tissue,MeSH descriptor XML,Anatomy
nervous system,MeSH descriptor XML,Anatomy
neural analyzers,MeSH descriptor XML,Anatomy
neural crest,MeSH descriptor XML,Anatomy
neural pathways,MeSH descriptor XML,Anatomy
neural plate,MeSH descriptor XML,Anatomy
neural stem cells,MeSH descriptor XML,Anatomy
neural tube,MeSH descriptor XML,Anatomy
neurilemma,MeSH descriptor XML,Anatomy
neurites,MeSH descriptor XML,Anatomy
neuroeffector junction,MeSH descriptor XML,Anatomy
neuroendocrine cells,MeSH descriptor XML,Anatomy
neuroepithelial bodies,MeSH descriptor XML,Anatomy
neuroepithelial cells,MeSH descriptor XML,Anatomy
neurofibrillary tangles,MeSH descriptor XML,Anatomy
neurofibrils,MeSH descriptor XML,Anatomy
neuroglia,MeSH descriptor XML,Anatomy
neuromuscular junction,MeSH descriptor XML,Anatomy
neurons,MeSH descriptor XML,Anatomy
"neurons, afferent",MeSH descriptor XML,Anatomy
"neurons, efferent",MeSH descriptor XML,Anatomy
neuropil,MeSH descriptor XML,Anatomy
neuropil threads,MeSH descriptor XML,Anatomy
neurosecretory systems,MeSH descriptor XML,Anatomy
neutrophils,MeSH descriptor XML,Anatomy
nictitating membrane,MeSH descriptor XML,Anatomy
nih 3t3 cells,MeSH descriptor XML,Anatomy
nipple aspirate fluid,MeSH descriptor XML,Anatomy
nipple discharge,MeSH descriptor XML,Anatomy
nipples,MeSH descriptor XML,Anatomy
nissl bodies,MeSH descriptor XML,Anatomy
nitrergic neurons,MeSH descriptor XML,Anatomy
nociceptors,MeSH descriptor XML,Anatomy
nodose ganglion,MeSH descriptor XML,Anatomy
nose,MeSH descriptor XML,Anatomy
notochord,MeSH descriptor XML,Anatomy
nuclear bodies,MeSH descriptor XML,Anatomy
nuclear envelope,MeSH descriptor XML,Anatomy
nuclear lamina,MeSH descriptor XML,Anatomy
nuclear matrix,MeSH descriptor XML,Anatomy
nuclear pore,MeSH descriptor XML,Anatomy
nuclear speckles,MeSH descriptor XML,Anatomy
nucleocapsid,MeSH descriptor XML,Anatomy
nucleolus organizer region,MeSH descriptor XML,Anatomy
nucleosomes,MeSH descriptor XML,Anatomy
nucleus accumbens,MeSH descriptor XML,Anatomy
nucleus pulposus,MeSH descriptor XML,Anatomy
nucleus raphe magnus,MeSH descriptor XML,Anatomy
nucleus raphe obscurus,MeSH descriptor XML,Anatomy
nucleus raphe pallidus,MeSH descriptor XML,Anatomy
nuts,MeSH descriptor XML,Anatomy
obturator nerve,MeSH descriptor XML,Anatomy
occipital bone,MeSH descriptor XML,Anatomy
occipital lobe,MeSH descriptor XML,Anatomy
"occlusion bodies, viral",MeSH descriptor XML,Anatomy
oculomotor muscles,MeSH descriptor XML,Anatomy
oculomotor nerve,MeSH descriptor XML,Anatomy
oculomotor nuclear complex,MeSH descriptor XML,Anatomy
odontoblasts,MeSH descriptor XML,Anatomy
odontoid process,MeSH descriptor XML,Anatomy
olecranon process,MeSH descriptor XML,Anatomy
olfactory bulb,MeSH descriptor XML,Anatomy
olfactory cortex,MeSH descriptor XML,Anatomy
olfactory mucosa,MeSH descriptor XML,Anatomy
olfactory nerve,MeSH descriptor XML,Anatomy
olfactory pathways,MeSH descriptor XML,Anatomy
olfactory receptor neurons,MeSH descriptor XML,Anatomy
olfactory tubercle,MeSH descriptor XML,Anatomy
oligodendrocyte precursor cells,MeSH descriptor XML,Anatomy
oligodendroglia,MeSH descriptor XML,Anatomy
olivary nucleus,MeSH descriptor XML,Anatomy
omasum,MeSH descriptor XML,Anatomy
omentum,MeSH descriptor XML,Anatomy
oocysts,MeSH descriptor XML,Anatomy
oocytes,MeSH descriptor XML,Anatomy
oogonia,MeSH descriptor XML,Anatomy
oogonial stem cells,MeSH descriptor XML,Anatomy
ophthalmic artery,MeSH descriptor XML,Anatomy
ophthalmic nerve,MeSH descriptor XML,Anatomy
optic chiasm,MeSH descriptor XML,Anatomy
optic disk,MeSH descriptor XML,Anatomy
"optic lobe, nonmammalian",MeSH descriptor XML,Anatomy
optic nerve,MeSH descriptor XML,Anatomy
optic tract,MeSH descriptor XML,Anatomy
orbit,MeSH descriptor XML,Anatomy
organ of corti,MeSH descriptor XML,Anatomy
organelles,MeSH descriptor XML,Anatomy
"organizers, embryonic",MeSH descriptor XML,Anatomy
organoids,MeSH descriptor XML,Anatomy
organs at risk,MeSH descriptor XML,Anatomy
organum vasculosum,MeSH descriptor XML,Anatomy
oropharynx,MeSH descriptor XML,Anatomy
osteoblasts,MeSH descriptor XML,Anatomy
osteoclasts,MeSH descriptor XML,Anatomy
osteocytes,MeSH descriptor XML,Anatomy
otolithic membrane,MeSH descriptor XML,Anatomy
"oval window, ear",MeSH descriptor XML,Anatomy
ovarian follicle,MeSH descriptor XML,Anatomy
ovary,MeSH descriptor XML,Anatomy
oviducts,MeSH descriptor XML,Anatomy
ovule,MeSH descriptor XML,Anatomy
ovum,MeSH descriptor XML,Anatomy
oxyphil cells,MeSH descriptor XML,Anatomy
pacinian corpuscles,MeSH descriptor XML,Anatomy
palatal muscles,MeSH descriptor XML,Anatomy
palate,MeSH descriptor XML,Anatomy
"palate, hard",MeSH descriptor XML,Anatomy
"palate, soft",MeSH descriptor XML,Anatomy
palatine tonsil,MeSH descriptor XML,Anatomy
palmar plate,MeSH descriptor XML,Anatomy
pancreas,MeSH descriptor XML,Anatomy
"pancreas, exocrine",MeSH descriptor XML,Anatomy
pancreatic ducts,MeSH descriptor XML,Anatomy
pancreatic juice,MeSH descriptor XML,Anatomy
pancreatic polypeptide-secreting cells,MeSH descriptor XML,Anatomy
pancreatic stellate cells,MeSH descriptor XML,Anatomy
paneth cells,MeSH descriptor XML,Anatomy
papillary muscles,MeSH descriptor XML,Anatomy
para-aortic bodies,MeSH descriptor XML,Anatomy
parabrachial nucleus,MeSH descriptor XML,Anatomy
"paraganglia, chromaffin",MeSH descriptor XML,Anatomy
"paraganglia, nonchromaffin",MeSH descriptor XML,Anatomy
parahippocampal gyrus,MeSH descriptor XML,Anatomy
paranasal sinuses,MeSH descriptor XML,Anatomy
parapharyngeal space,MeSH descriptor XML,Anatomy
paraspeckles,MeSH descriptor XML,Anatomy
paraspinal muscles,MeSH descriptor XML,Anatomy
"parasympathetic fibers, postganglionic",MeSH descriptor XML,Anatomy
parasympathetic nervous system,MeSH descriptor XML,Anatomy
parathyroid glands,MeSH descriptor XML,Anatomy
paraventricular hypothalamic nucleus,MeSH descriptor XML,Anatomy
parenchymal tissue,MeSH descriptor XML,Anatomy
parietal bone,MeSH descriptor XML,Anatomy
"parietal cells, gastric",MeSH descriptor XML,Anatomy
parietal lobe,MeSH descriptor XML,Anatomy
parotid gland,MeSH descriptor XML,Anatomy
parotid region,MeSH descriptor XML,Anatomy
pars compacta,MeSH descriptor XML,Anatomy
pars reticulata,MeSH descriptor XML,Anatomy
patella,MeSH descriptor XML,Anatomy
patellar ligament,MeSH descriptor XML,Anatomy
patellofemoral joint,MeSH descriptor XML,Anatomy
pc-3 cells,MeSH descriptor XML,Anatomy
pc12 cells,MeSH descriptor XML,Anatomy
pectoralis muscles,MeSH descriptor XML,Anatomy
pedunculopontine tegmental nucleus,MeSH descriptor XML,Anatomy
pelvic bones,MeSH descriptor XML,Anatomy
pelvic floor,MeSH descriptor XML,Anatomy
pelvis,MeSH descriptor XML,Anatomy
penis,MeSH descriptor XML,Anatomy
perforant pathway,MeSH descriptor XML,Anatomy
perforator flap,MeSH descriptor XML,Anatomy
periamygdaloid cortex,MeSH descriptor XML,Anatomy
perianal glands,MeSH descriptor XML,Anatomy
periapical tissue,MeSH descriptor XML,Anatomy
periaqueductal gray,MeSH descriptor XML,Anatomy
pericardial fluid,MeSH descriptor XML,Anatomy
pericardium,MeSH descriptor XML,Anatomy
pericytes,MeSH descriptor XML,Anatomy
perilymph,MeSH descriptor XML,Anatomy
perineum,MeSH descriptor XML,Anatomy
periodontal ligament,MeSH descriptor XML,Anatomy
periodontium,MeSH descriptor XML,Anatomy
periosteum,MeSH descriptor XML,Anatomy
peripheral blood stem cells,MeSH descriptor XML,Anatomy
peripheral nerves,MeSH descriptor XML,Anatomy
peripheral nervous system,MeSH descriptor XML,Anatomy
periplasm,MeSH descriptor XML,Anatomy
perirhinal cortex,MeSH descriptor XML,Anatomy
peritoneal cavity,MeSH descriptor XML,Anatomy
peritoneal stomata,MeSH descriptor XML,Anatomy
peritoneum,MeSH descriptor XML,Anatomy
peroneal nerve,MeSH descriptor XML,Anatomy
peroxisomes,MeSH descriptor XML,Anatomy
petrous bone,MeSH descriptor XML,Anatomy
peyer's patches,MeSH descriptor XML,Anatomy
phagocytes,MeSH descriptor XML,Anatomy
phagosomes,MeSH descriptor XML,Anatomy
pharyngeal muscles,MeSH descriptor XML,Anatomy
pharynx,MeSH descriptor XML,Anatomy
philadelphia chromosome,MeSH descriptor XML,Anatomy
phloem,MeSH descriptor XML,Anatomy
photoreceptor cells,MeSH descriptor XML,Anatomy
"photoreceptor cells, invertebrate",MeSH descriptor XML,Anatomy
"photoreceptor cells, vertebrate",MeSH descriptor XML,Anatomy
photoreceptor connecting cilium,MeSH descriptor XML,Anatomy
phrenic nerve,MeSH descriptor XML,Anatomy
phycobilisomes,MeSH descriptor XML,Anatomy
pia mater,MeSH descriptor XML,Anatomy
pigment epithelium of eye,MeSH descriptor XML,Anatomy
"pili, sex",MeSH descriptor XML,Anatomy
pineal gland,MeSH descriptor XML,Anatomy
piriform cortex,MeSH descriptor XML,Anatomy
pisiform bone,MeSH descriptor XML,Anatomy
pituitary gland,MeSH descriptor XML,Anatomy
"pituitary gland, anterior",MeSH descriptor XML,Anatomy
"pituitary gland, intermediate",MeSH descriptor XML,Anatomy
"pituitary gland, posterior",MeSH descriptor XML,Anatomy
pituitary-adrenal system,MeSH descriptor XML,Anatomy
place cells,MeSH descriptor XML,Anatomy
placenta,MeSH descriptor XML,Anatomy
plant bark,MeSH descriptor XML,Anatomy
plant cells,MeSH descriptor XML,Anatomy
"plant components, aerial",MeSH descriptor XML,Anatomy
plant cone,MeSH descriptor XML,Anatomy
plant epidermis,MeSH descriptor XML,Anatomy
plant leaves,MeSH descriptor XML,Anatomy
plant root cap,MeSH descriptor XML,Anatomy
plant roots,MeSH descriptor XML,Anatomy
plant shoots,MeSH descriptor XML,Anatomy
plant stems,MeSH descriptor XML,Anatomy
plant stomata,MeSH descriptor XML,Anatomy
plant structures,MeSH descriptor XML,Anatomy
plant tubers,MeSH descriptor XML,Anatomy
plant vascular bundle,MeSH descriptor XML,Anatomy
plantar plate,MeSH descriptor XML,Anatomy
plasma,MeSH descriptor XML,Anatomy
plasma cells,MeSH descriptor XML,Anatomy
plasmodesmata,MeSH descriptor XML,Anatomy
plastids,MeSH descriptor XML,Anatomy
platelet-rich fibrin,MeSH descriptor XML,Anatomy
platelet-rich plasma,MeSH descriptor XML,Anatomy
pleura,MeSH descriptor XML,Anatomy
pleural cavity,MeSH descriptor XML,Anatomy
pluripotent stem cells,MeSH descriptor XML,Anatomy
podocytes,MeSH descriptor XML,Anatomy
podosomes,MeSH descriptor XML,Anatomy
polar bodies,MeSH descriptor XML,Anatomy
pollen,MeSH descriptor XML,Anatomy
pollen tube,MeSH descriptor XML,Anatomy
polyribosomes,MeSH descriptor XML,Anatomy
polytene chromosomes,MeSH descriptor XML,Anatomy
pons,MeSH descriptor XML,Anatomy
pontine tegmentum,MeSH descriptor XML,Anatomy
popliteal artery,MeSH descriptor XML,Anatomy
popliteal vein,MeSH descriptor XML,Anatomy
portal system,MeSH descriptor XML,Anatomy
portal vein,MeSH descriptor XML,Anatomy
post-synaptic density,MeSH descriptor XML,Anatomy
posterior capsule of the lens,MeSH descriptor XML,Anatomy
posterior cerebellar commissure,MeSH descriptor XML,Anatomy
posterior cerebral artery,MeSH descriptor XML,Anatomy
posterior cruciate ligament,MeSH descriptor XML,Anatomy
posterior eye segment,MeSH descriptor XML,Anatomy
posterior horn cells,MeSH descriptor XML,Anatomy
posterior thalamic nuclei,MeSH descriptor XML,Anatomy
"precursor cells, b-lymphoid",MeSH descriptor XML,Anatomy
"precursor cells, t-lymphoid",MeSH descriptor XML,Anatomy
prefrontal cortex,MeSH descriptor XML,Anatomy
preoptic area,MeSH descriptor XML,Anatomy
pressoreceptors,MeSH descriptor XML,Anatomy
presynaptic terminals,MeSH descriptor XML,Anatomy
pretectal region,MeSH descriptor XML,Anatomy
primary visual cortex,MeSH descriptor XML,Anatomy
primitive streak,MeSH descriptor XML,Anatomy
processing bodies,MeSH descriptor XML,Anatomy
prokaryotic cells,MeSH descriptor XML,Anatomy
promyelocytic leukemia nuclear bodies,MeSH descriptor XML,Anatomy
pronephros,MeSH descriptor XML,Anatomy
prosencephalon,MeSH descriptor XML,Anatomy
prostate,MeSH descriptor XML,Anatomy
protoplasts,MeSH descriptor XML,Anatomy
proventriculus,MeSH descriptor XML,Anatomy
pseudoautosomal regions,MeSH descriptor XML,Anatomy
pseudopodia,MeSH descriptor XML,Anatomy
psoas muscles,MeSH descriptor XML,Anatomy
pterygoid muscles,MeSH descriptor XML,Anatomy
pterygopalatine fossa,MeSH descriptor XML,Anatomy
pubic bone,MeSH descriptor XML,Anatomy
pubic symphysis,MeSH descriptor XML,Anatomy
pudendal nerve,MeSH descriptor XML,Anatomy
pulmonary alveoli,MeSH descriptor XML,Anatomy
pulmonary artery,MeSH descriptor XML,Anatomy
pulmonary stretch receptors,MeSH descriptor XML,Anatomy
pulmonary valve,MeSH descriptor XML,Anatomy
pulmonary veins,MeSH descriptor XML,Anatomy
pulvinar,MeSH descriptor XML,Anatomy
pulvinus,MeSH descriptor XML,Anatomy
pupil,MeSH descriptor XML,Anatomy
purkinje cells,MeSH descriptor XML,Anatomy
purkinje fibers,MeSH descriptor XML,Anatomy
purple membrane,MeSH descriptor XML,Anatomy
putamen,MeSH descriptor XML,Anatomy
pyloric antrum,MeSH descriptor XML,Anatomy
pylorus,MeSH descriptor XML,Anatomy
pyramidal cells,MeSH descriptor XML,Anatomy
pyramidal tracts,MeSH descriptor XML,Anatomy
pyriform sinus,MeSH descriptor XML,Anatomy
quadriceps muscle,MeSH descriptor XML,Anatomy
radial artery,MeSH descriptor XML,Anatomy
radial nerve,MeSH descriptor XML,Anatomy
radius,MeSH descriptor XML,Anatomy
ranvier's nodes,MeSH descriptor XML,Anatomy
raphe nuclei,MeSH descriptor XML,Anatomy
raw 264.7 cells,MeSH descriptor XML,Anatomy
rectum,MeSH descriptor XML,Anatomy
rectus abdominis,MeSH descriptor XML,Anatomy
recurrent laryngeal nerve,MeSH descriptor XML,Anatomy
red nucleus,MeSH descriptor XML,Anatomy
reed-sternberg cells,MeSH descriptor XML,Anatomy
renal artery,MeSH descriptor XML,Anatomy
renal veins,MeSH descriptor XML,Anatomy
renshaw cells,MeSH descriptor XML,Anatomy
respiratory aerosols and droplets,MeSH descriptor XML,Anatomy
respiratory center,MeSH descriptor XML,Anatomy
respiratory mucosa,MeSH descriptor XML,Anatomy
respiratory muscles,MeSH descriptor XML,Anatomy
respiratory system,MeSH descriptor XML,Anatomy
rete testis,MeSH descriptor XML,Anatomy
reticular formation,MeSH descriptor XML,Anatomy
reticulocytes,MeSH descriptor XML,Anatomy
reticulum,MeSH descriptor XML,Anatomy
retina,MeSH descriptor XML,Anatomy
retinal artery,MeSH descriptor XML,Anatomy
retinal bipolar cells,MeSH descriptor XML,Anatomy
retinal cone photoreceptor cells,MeSH descriptor XML,Anatomy
retinal ganglion cells,MeSH descriptor XML,Anatomy
retinal horizontal cells,MeSH descriptor XML,Anatomy
retinal neurons,MeSH descriptor XML,Anatomy
retinal photoreceptor cell inner segment,MeSH descriptor XML,Anatomy
retinal photoreceptor cell outer segment,MeSH descriptor XML,Anatomy
retinal pigment epithelium,MeSH descriptor XML,Anatomy
retinal rod photoreceptor cells,MeSH descriptor XML,Anatomy
retinal vein,MeSH descriptor XML,Anatomy
retinal vessels,MeSH descriptor XML,Anatomy
retroperitoneal space,MeSH descriptor XML,Anatomy
rhizome,MeSH descriptor XML,Anatomy
rhombencephalon,MeSH descriptor XML,Anatomy
rib cage,MeSH descriptor XML,Anatomy
ribosomal protein l10,MeSH descriptor XML,Anatomy
ribosome subunits,MeSH descriptor XML,Anatomy
"ribosome subunits, large",MeSH descriptor XML,Anatomy
"ribosome subunits, large, archaeal",MeSH descriptor XML,Anatomy
"ribosome subunits, large, bacterial",MeSH descriptor XML,Anatomy
"ribosome subunits, large, eukaryotic",MeSH descriptor XML,Anatomy
"ribosome subunits, small",MeSH descriptor XML,Anatomy
"ribosome subunits, small, archaeal",MeSH descriptor XML,Anatomy
"ribosome subunits, small, bacterial",MeSH descriptor XML,Anatomy
"ribosome subunits, small, eukaryotic",MeSH descriptor XML,Anatomy
ribosomes,MeSH descriptor XML,Anatomy
ribs,MeSH descriptor XML,Anatomy
ring chromosomes,MeSH descriptor XML,Anatomy
rod cell outer segment,MeSH descriptor XML,Anatomy
"root nodules, plant",MeSH descriptor XML,Anatomy
rotator cuff,MeSH descriptor XML,Anatomy
round ligament of femur,MeSH descriptor XML,Anatomy
round ligament of liver,MeSH descriptor XML,Anatomy
round ligament of uterus,MeSH descriptor XML,Anatomy
round ligaments,MeSH descriptor XML,Anatomy
"round window, ear",MeSH descriptor XML,Anatomy
rumen,MeSH descriptor XML,Anatomy
saccule and utricle,MeSH descriptor XML,Anatomy
sacrococcygeal region,MeSH descriptor XML,Anatomy
sacroiliac joint,MeSH descriptor XML,Anatomy
sacrum,MeSH descriptor XML,Anatomy
saliva,MeSH descriptor XML,Anatomy
salivary ducts,MeSH descriptor XML,Anatomy
salivary glands,MeSH descriptor XML,Anatomy
"salivary glands, minor",MeSH descriptor XML,Anatomy
salt gland,MeSH descriptor XML,Anatomy
saphenous vein,MeSH descriptor XML,Anatomy
sarcolemma,MeSH descriptor XML,Anatomy
sarcomeres,MeSH descriptor XML,Anatomy
sarcoplasmic reticulum,MeSH descriptor XML,Anatomy
"satellite cells, perineuronal",MeSH descriptor XML,Anatomy
"satellite cells, skeletal muscle",MeSH descriptor XML,Anatomy
scala tympani,MeSH descriptor XML,Anatomy
scala vestibuli,MeSH descriptor XML,Anatomy
scalp,MeSH descriptor XML,Anatomy
scaphoid bone,MeSH descriptor XML,Anatomy
scapula,MeSH descriptor XML,Anatomy
scent glands,MeSH descriptor XML,Anatomy
schaffer collaterals,MeSH descriptor XML,Anatomy
schizonts,MeSH descriptor XML,Anatomy
schlemm's canal,MeSH descriptor XML,Anatomy
schwann cells,MeSH descriptor XML,Anatomy
sciatic nerve,MeSH descriptor XML,Anatomy
sclera,MeSH descriptor XML,Anatomy
scrotum,MeSH descriptor XML,Anatomy
sebaceous glands,MeSH descriptor XML,Anatomy
sebum,MeSH descriptor XML,Anatomy
secretome,MeSH descriptor XML,Anatomy
secretory vesicles,MeSH descriptor XML,Anatomy
seedlings,MeSH descriptor XML,Anatomy
seeds,MeSH descriptor XML,Anatomy
sella turcica,MeSH descriptor XML,Anatomy
semen,MeSH descriptor XML,Anatomy
semicircular canals,MeSH descriptor XML,Anatomy
semicircular ducts,MeSH descriptor XML,Anatomy
seminal vesicles,MeSH descriptor XML,Anatomy
seminiferous epithelium,MeSH descriptor XML,Anatomy
seminiferous tubules,MeSH descriptor XML,Anatomy
sense organs,MeSH descriptor XML,Anatomy
sensilla,MeSH descriptor XML,Anatomy
sensorimotor cortex,MeSH descriptor XML,Anatomy
sensory receptor cells,MeSH descriptor XML,Anatomy
sentinel lymph node,MeSH descriptor XML,Anatomy
septal nuclei,MeSH descriptor XML,Anatomy
septum of brain,MeSH descriptor XML,Anatomy
septum pellucidum,MeSH descriptor XML,Anatomy
serotonergic neurons,MeSH descriptor XML,Anatomy
serous membrane,MeSH descriptor XML,Anatomy
sertoli cells,MeSH descriptor XML,Anatomy
serum,MeSH descriptor XML,Anatomy
sesamoid bones,MeSH descriptor XML,Anatomy
sex chromatin,MeSH descriptor XML,Anatomy
sex chromosomes,MeSH descriptor XML,Anatomy
sf9 cells,MeSH descriptor XML,Anatomy
shelterin complex,MeSH descriptor XML,Anatomy
shoulder,MeSH descriptor XML,Anatomy
shoulder joint,MeSH descriptor XML,Anatomy
side-population cells,MeSH descriptor XML,Anatomy
sinoatrial node,MeSH descriptor XML,Anatomy
sinus of valsalva,MeSH descriptor XML,Anatomy
skeletal muscle ventricle,MeSH descriptor XML,Anatomy
skeleton,MeSH descriptor XML,Anatomy
skin,MeSH descriptor XML,Anatomy
skull,MeSH descriptor XML,Anatomy
skull base,MeSH descriptor XML,Anatomy
smegma,MeSH descriptor XML,Anatomy
solitary nucleus,MeSH descriptor XML,Anatomy
somatosensory cortex,MeSH descriptor XML,Anatomy
somatostatin-secreting cells,MeSH descriptor XML,Anatomy
somatotrophs,MeSH descriptor XML,Anatomy
somites,MeSH descriptor XML,Anatomy
sperm head,MeSH descriptor XML,Anatomy
sperm midpiece,MeSH descriptor XML,Anatomy
sperm tail,MeSH descriptor XML,Anatomy
spermatic cord,MeSH descriptor XML,Anatomy
spermatids,MeSH descriptor XML,Anatomy
spermatocytes,MeSH descriptor XML,Anatomy
spermatogonia,MeSH descriptor XML,Anatomy
spermatozoa,MeSH descriptor XML,Anatomy
sphenoid bone,MeSH descriptor XML,Anatomy
sphenoid sinus,MeSH descriptor XML,Anatomy
spherocytes,MeSH descriptor XML,Anatomy
"spheroids, cellular",MeSH descriptor XML,Anatomy
spheroplasts,MeSH descriptor XML,Anatomy
sphincter of oddi,MeSH descriptor XML,Anatomy
spinal canal,MeSH descriptor XML,Anatomy
spinal cord,MeSH descriptor XML,Anatomy
spinal cord dorsal horn,MeSH descriptor XML,Anatomy
spinal cord lateral horn,MeSH descriptor XML,Anatomy
spinal cord ventral horn,MeSH descriptor XML,Anatomy
spinal nerve roots,MeSH descriptor XML,Anatomy
spinal nerves,MeSH descriptor XML,Anatomy
spindle apparatus,MeSH descriptor XML,Anatomy
spindle pole bodies,MeSH descriptor XML,Anatomy
spindle poles,MeSH descriptor XML,Anatomy
spine,MeSH descriptor XML,Anatomy
spinocerebellar tracts,MeSH descriptor XML,Anatomy
spinothalamic tracts,MeSH descriptor XML,Anatomy
spiral ganglion,MeSH descriptor XML,Anatomy
spiral lamina,MeSH descriptor XML,Anatomy
spiral ligament of cochlea,MeSH descriptor XML,Anatomy
splanchnic nerves,MeSH descriptor XML,Anatomy
spleen,MeSH descriptor XML,Anatomy
splenic artery,MeSH descriptor XML,Anatomy
splenic vein,MeSH descriptor XML,Anatomy
spliceosomes,MeSH descriptor XML,Anatomy
sporangia,MeSH descriptor XML,Anatomy
spores,MeSH descriptor XML,Anatomy
"spores, bacterial",MeSH descriptor XML,Anatomy
"spores, fungal",MeSH descriptor XML,Anatomy
"spores, protozoan",MeSH descriptor XML,Anatomy
sporozoites,MeSH descriptor XML,Anatomy
sputum,MeSH descriptor XML,Anatomy
stapedius,MeSH descriptor XML,Anatomy
stapes,MeSH descriptor XML,Anatomy
stellate ganglion,MeSH descriptor XML,Anatomy
stem cells,MeSH descriptor XML,Anatomy
stereocilia,MeSH descriptor XML,Anatomy
sternoclavicular joint,MeSH descriptor XML,Anatomy
sternocostal joints,MeSH descriptor XML,Anatomy
sternum,MeSH descriptor XML,Anatomy
stifle,MeSH descriptor XML,Anatomy
stomach,MeSH descriptor XML,Anatomy
"stomach, avian",MeSH descriptor XML,Anatomy
"stomach, ruminant",MeSH descriptor XML,Anatomy
stomatognathic system,MeSH descriptor XML,Anatomy
stress fibers,MeSH descriptor XML,Anatomy
stress granules,MeSH descriptor XML,Anatomy
stria vascularis,MeSH descriptor XML,Anatomy
stromal cells,MeSH descriptor XML,Anatomy
stromal vascular fraction,MeSH descriptor XML,Anatomy
subarachnoid space,MeSH descriptor XML,Anatomy
subcellular fractions,MeSH descriptor XML,Anatomy
subclavian artery,MeSH descriptor XML,Anatomy
subclavian vein,MeSH descriptor XML,Anatomy
subcommissural organ,MeSH descriptor XML,Anatomy
subcutaneous fat,MeSH descriptor XML,Anatomy
"subcutaneous fat, abdominal",MeSH descriptor XML,Anatomy
subcutaneous tissue,MeSH descriptor XML,Anatomy
subdural space,MeSH descriptor XML,Anatomy
subfornical organ,MeSH descriptor XML,Anatomy
sublingual gland,MeSH descriptor XML,Anatomy
submandibular gland,MeSH descriptor XML,Anatomy
submitochondrial particles,MeSH descriptor XML,Anatomy
submucous plexus,MeSH descriptor XML,Anatomy
subretinal fluid,MeSH descriptor XML,Anatomy
substantia gelatinosa,MeSH descriptor XML,Anatomy
substantia innominata,MeSH descriptor XML,Anatomy
substantia nigra,MeSH descriptor XML,Anatomy
subtalar joint,MeSH descriptor XML,Anatomy
subthalamic nucleus,MeSH descriptor XML,Anatomy
subthalamus,MeSH descriptor XML,Anatomy
superficial back muscles,MeSH descriptor XML,Anatomy
superficial musculoaponeurotic system,MeSH descriptor XML,Anatomy
superior cervical ganglion,MeSH descriptor XML,Anatomy
superior colliculi,MeSH descriptor XML,Anatomy
superior olivary complex,MeSH descriptor XML,Anatomy
superior sagittal sinus,MeSH descriptor XML,Anatomy
suprachiasmatic nucleus,MeSH descriptor XML,Anatomy
suprachiasmatic nucleus neurons,MeSH descriptor XML,Anatomy
supraoptic nucleus,MeSH descriptor XML,Anatomy
sural nerve,MeSH descriptor XML,Anatomy
surgical flaps,MeSH descriptor XML,Anatomy
surgical stomas,MeSH descriptor XML,Anatomy
surgically-created structures,MeSH descriptor XML,Anatomy
sweat,MeSH descriptor XML,Anatomy
sweat glands,MeSH descriptor XML,Anatomy
swiss 3t3 cells,MeSH descriptor XML,Anatomy
"sympathetic fibers, postganglionic",MeSH descriptor XML,Anatomy
sympathetic nervous system,MeSH descriptor XML,Anatomy
sympathoadrenal system,MeSH descriptor XML,Anatomy
synapses,MeSH descriptor XML,Anatomy
synaptic membranes,MeSH descriptor XML,Anatomy
synaptic vesicles,MeSH descriptor XML,Anatomy
synaptonemal complex,MeSH descriptor XML,Anatomy
synaptosomes,MeSH descriptor XML,Anatomy
synovial fluid,MeSH descriptor XML,Anatomy
synovial membrane,MeSH descriptor XML,Anatomy
synoviocytes,MeSH descriptor XML,Anatomy
t follicular helper cells,MeSH descriptor XML,Anatomy
t-lymphocyte subsets,MeSH descriptor XML,Anatomy
t-lymphocytes,MeSH descriptor XML,Anatomy
"t-lymphocytes, cytotoxic",MeSH descriptor XML,Anatomy
"t-lymphocytes, helper-inducer",MeSH descriptor XML,Anatomy
"t-lymphocytes, regulatory",MeSH descriptor XML,Anatomy
tail,MeSH descriptor XML,Anatomy
talus,MeSH descriptor XML,Anatomy
tarsal bones,MeSH descriptor XML,Anatomy
tarsal joints,MeSH descriptor XML,Anatomy
"tarsus, animal",MeSH descriptor XML,Anatomy
taste buds,MeSH descriptor XML,Anatomy
tears,MeSH descriptor XML,Anatomy
tectorial membrane,MeSH descriptor XML,Anatomy
tectospinal fibers,MeSH descriptor XML,Anatomy
tectum mesencephali,MeSH descriptor XML,Anatomy
tegmentum mesencephali,MeSH descriptor XML,Anatomy
telencephalic commissures,MeSH descriptor XML,Anatomy
telencephalon,MeSH descriptor XML,Anatomy
telocytes,MeSH descriptor XML,Anatomy
telomere,MeSH descriptor XML,Anatomy
telomeric repeat binding protein 1,MeSH descriptor XML,Anatomy
telomeric repeat binding protein 2,MeSH descriptor XML,Anatomy
telopodes,MeSH descriptor XML,Anatomy
temporal arteries,MeSH descriptor XML,Anatomy
temporal bone,MeSH descriptor XML,Anatomy
temporal lobe,MeSH descriptor XML,Anatomy
temporal muscle,MeSH descriptor XML,Anatomy
temporomandibular joint,MeSH descriptor XML,Anatomy
temporomandibular joint disc,MeSH descriptor XML,Anatomy
tendons,MeSH descriptor XML,Anatomy
tenocytes,MeSH descriptor XML,Anatomy
tenon capsule,MeSH descriptor XML,Anatomy
tensor tympani,MeSH descriptor XML,Anatomy
tertiary lymphoid structures,MeSH descriptor XML,Anatomy
testis,MeSH descriptor XML,Anatomy
th1 cells,MeSH descriptor XML,Anatomy
th17 cells,MeSH descriptor XML,Anatomy
th2 cells,MeSH descriptor XML,Anatomy
thalamic nuclei,MeSH descriptor XML,Anatomy
thalamus,MeSH descriptor XML,Anatomy
theca cells,MeSH descriptor XML,Anatomy
thermoreceptors,MeSH descriptor XML,Anatomy
thigh,MeSH descriptor XML,Anatomy
third ventricle,MeSH descriptor XML,Anatomy
thoracic arteries,MeSH descriptor XML,Anatomy
thoracic cavity,MeSH descriptor XML,Anatomy
thoracic duct,MeSH descriptor XML,Anatomy
thoracic nerves,MeSH descriptor XML,Anatomy
thoracic vertebrae,MeSH descriptor XML,Anatomy
thoracic wall,MeSH descriptor XML,Anatomy
thorax,MeSH descriptor XML,Anatomy
thp-1 cells,MeSH descriptor XML,Anatomy
thumb,MeSH descriptor XML,Anatomy
thylakoids,MeSH descriptor XML,Anatomy
thymocytes,MeSH descriptor XML,Anatomy
thymus gland,MeSH descriptor XML,Anatomy
thyroid cartilage,MeSH descriptor XML,Anatomy
thyroid epithelial cells,MeSH descriptor XML,Anatomy
thyroid gland,MeSH descriptor XML,Anatomy
thyrotrophs,MeSH descriptor XML,Anatomy
tibia,MeSH descriptor XML,Anatomy
tibial arteries,MeSH descriptor XML,Anatomy
tibial nerve,MeSH descriptor XML,Anatomy
tibiofemoral joint,MeSH descriptor XML,Anatomy
tight junctions,MeSH descriptor XML,Anatomy
tissues,MeSH descriptor XML,Anatomy
toe joint,MeSH descriptor XML,Anatomy
toe phalanges,MeSH descriptor XML,Anatomy
toes,MeSH descriptor XML,Anatomy
tongue,MeSH descriptor XML,Anatomy
tooth,MeSH descriptor XML,Anatomy
tooth apex,MeSH descriptor XML,Anatomy
tooth cervix,MeSH descriptor XML,Anatomy
tooth components,MeSH descriptor XML,Anatomy
tooth crown,MeSH descriptor XML,Anatomy
tooth germ,MeSH descriptor XML,Anatomy
tooth root,MeSH descriptor XML,Anatomy
tooth socket,MeSH descriptor XML,Anatomy
"tooth, deciduous",MeSH descriptor XML,Anatomy
"tooth, unerupted",MeSH descriptor XML,Anatomy
torso,MeSH descriptor XML,Anatomy
totipotent stem cells,MeSH descriptor XML,Anatomy
trabecular meshwork,MeSH descriptor XML,Anatomy
trachea,MeSH descriptor XML,Anatomy
trans-golgi network,MeSH descriptor XML,Anatomy
transplant donor site,MeSH descriptor XML,Anatomy
transplants,MeSH descriptor XML,Anatomy
transport vesicles,MeSH descriptor XML,Anatomy
transverse sinuses,MeSH descriptor XML,Anatomy
trapezium bone,MeSH descriptor XML,Anatomy
trapezoid body,MeSH descriptor XML,Anatomy
trapezoid bone,MeSH descriptor XML,Anatomy
triangular fibrocartilage,MeSH descriptor XML,Anatomy
trichomes,MeSH descriptor XML,Anatomy
tricuspid valve,MeSH descriptor XML,Anatomy
trigeminal caudal nucleus,MeSH descriptor XML,Anatomy
trigeminal ganglion,MeSH descriptor XML,Anatomy
trigeminal motor nucleus,MeSH descriptor XML,Anatomy
trigeminal nerve,MeSH descriptor XML,Anatomy
trigeminal nuclei,MeSH descriptor XML,Anatomy
"trigeminal nucleus, spinal",MeSH descriptor XML,Anatomy
trigger points,MeSH descriptor XML,Anatomy
triquetrum bone,MeSH descriptor XML,Anatomy
trochlear nerve,MeSH descriptor XML,Anatomy
trophoblasts,MeSH descriptor XML,Anatomy
trophozoites,MeSH descriptor XML,Anatomy
truncus arteriosus,MeSH descriptor XML,Anatomy
tuber cinereum,MeSH descriptor XML,Anatomy
tuft cells,MeSH descriptor XML,Anatomy
"tumor cells, cultured",MeSH descriptor XML,Anatomy
tumor-associated macrophages,MeSH descriptor XML,Anatomy
tunica intima,MeSH descriptor XML,Anatomy
tunica media,MeSH descriptor XML,Anatomy
turbinates,MeSH descriptor XML,Anatomy
tympanic membrane,MeSH descriptor XML,Anatomy
u937 cells,MeSH descriptor XML,Anatomy
ulna,MeSH descriptor XML,Anatomy
ulnar artery,MeSH descriptor XML,Anatomy
ulnar nerve,MeSH descriptor XML,Anatomy
ultimobranchial body,MeSH descriptor XML,Anatomy
umbilical arteries,MeSH descriptor XML,Anatomy
umbilical cord,MeSH descriptor XML,Anatomy
umbilical veins,MeSH descriptor XML,Anatomy
umbilicus,MeSH descriptor XML,Anatomy
uncinate fasciculus,MeSH descriptor XML,Anatomy
upper extremity,MeSH descriptor XML,Anatomy
upper gastrointestinal tract,MeSH descriptor XML,Anatomy
urachus,MeSH descriptor XML,Anatomy
ureter,MeSH descriptor XML,Anatomy
urethra,MeSH descriptor XML,Anatomy
urinary bladder,MeSH descriptor XML,Anatomy
"urinary reservoirs, continent",MeSH descriptor XML,Anatomy
urinary tract,MeSH descriptor XML,Anatomy
urine,MeSH descriptor XML,Anatomy
urogenital system,MeSH descriptor XML,Anatomy
urothelium,MeSH descriptor XML,Anatomy
uterine artery,MeSH descriptor XML,Anatomy
uterus,MeSH descriptor XML,Anatomy
uvea,MeSH descriptor XML,Anatomy
uvula,MeSH descriptor XML,Anatomy
vacuoles,MeSH descriptor XML,Anatomy
vagina,MeSH descriptor XML,Anatomy
vagus nerve,MeSH descriptor XML,Anatomy
vas deferens,MeSH descriptor XML,Anatomy
vasa nervorum,MeSH descriptor XML,Anatomy
vasa vasorum,MeSH descriptor XML,Anatomy
vasomotor system,MeSH descriptor XML,Anatomy
veins,MeSH descriptor XML,Anatomy
velopharyngeal sphincter,MeSH descriptor XML,Anatomy
"vena cava, inferior",MeSH descriptor XML,Anatomy
"vena cava, superior",MeSH descriptor XML,Anatomy
venae cavae,MeSH descriptor XML,Anatomy
venoms,MeSH descriptor XML,Anatomy
venous valves,MeSH descriptor XML,Anatomy
ventral striatum,MeSH descriptor XML,Anatomy
ventral tegmental area,MeSH descriptor XML,Anatomy
ventral thalamic nuclei,MeSH descriptor XML,Anatomy
ventricular septum,MeSH descriptor XML,Anatomy
ventromedial hypothalamic nucleus,MeSH descriptor XML,Anatomy
venules,MeSH descriptor XML,Anatomy
vernix caseosa,MeSH descriptor XML,Anatomy
vero cells,MeSH descriptor XML,Anatomy
vertebral artery,MeSH descriptor XML,Anatomy
vertebral body,MeSH descriptor XML,Anatomy
vestibular aqueduct,MeSH descriptor XML,Anatomy
vestibular nerve,MeSH descriptor XML,Anatomy
vestibular nuclei,MeSH descriptor XML,Anatomy
"vestibular nucleus, lateral",MeSH descriptor XML,Anatomy
vestibular system,MeSH descriptor XML,Anatomy
"vestibule, labyrinth",MeSH descriptor XML,Anatomy
vestibulocochlear nerve,MeSH descriptor XML,Anatomy
vibrissae,MeSH descriptor XML,Anatomy
viral envelope,MeSH descriptor XML,Anatomy
viral replication compartments,MeSH descriptor XML,Anatomy
viral structures,MeSH descriptor XML,Anatomy
virion,MeSH descriptor XML,Anatomy
viscera,MeSH descriptor XML,Anatomy
visceral afferents,MeSH descriptor XML,Anatomy
visual cortex,MeSH descriptor XML,Anatomy
visual pathways,MeSH descriptor XML,Anatomy
vitelline duct,MeSH descriptor XML,Anatomy
vitelline membrane,MeSH descriptor XML,Anatomy
vitreous body,MeSH descriptor XML,Anatomy
vocal cords,MeSH descriptor XML,Anatomy
vomer,MeSH descriptor XML,Anatomy
vomeronasal organ,MeSH descriptor XML,Anatomy
von ebner glands,MeSH descriptor XML,Anatomy
vulva,MeSH descriptor XML,Anatomy
weibel-palade bodies,MeSH descriptor XML,Anatomy
wernicke area,MeSH descriptor XML,Anatomy
wharton jelly,MeSH descriptor XML,Anatomy
whey,MeSH descriptor XML,Anatomy
whey proteins,MeSH descriptor XML,Anatomy
white matter,MeSH descriptor XML,Anatomy
"wings, animal",MeSH descriptor XML,Anatomy
wolffian ducts,MeSH descriptor XML,Anatomy
wood,MeSH descriptor XML,Anatomy
wool,MeSH descriptor XML,Anatomy
wrist,MeSH descriptor XML,Anatomy
wrist joint,MeSH descriptor XML,Anatomy
x chromosome,MeSH descriptor XML,Anatomy
xiphoid bone,MeSH descriptor XML,Anatomy
xylem,MeSH descriptor XML,Anatomy
y chromosome,MeSH descriptor XML,Anatomy
yolk sac,MeSH descriptor XML,Anatomy
zona fasciculata,MeSH descriptor XML,Anatomy
zona glomerulosa,MeSH descriptor XML,Anatomy
zona incerta,MeSH descriptor XML,Anatomy
zona pellucida,MeSH descriptor XML,Anatomy
zona reticularis,MeSH descriptor XML,Anatomy
zygapophyseal joint,MeSH descriptor XML,Anatomy
zygoma,MeSH descriptor XML,Anatomy
zygote,MeSH descriptor XML,Anatomy
