term,source,category
"abdomen, acute",MeSH descriptor XML,Symptom
abdominal pain,MeSH descriptor XML,Symptom
acute pain,MeSH descriptor XML,Symptom
aerophagy,MeSH descriptor XML,Symptom
ageusia,MeSH descriptor XML,Symptom
"aging, premature",MeSH descriptor XML,Symptom
agnosia,MeSH descriptor XML,Symptom
agraphia,MeSH descriptor XML,Symptom
"akathisia, drug-induced",MeSH descriptor XML,Symptom
albuminuria,MeSH descriptor XML,Symptom
alcohol withdrawal seizures,MeSH descriptor XML,Symptom
alcoholic korsakoff syndrome,MeSH descriptor XML,Symptom
"alert fatigue, health personnel",MeSH descriptor XML,Symptom
"alexia, pure",MeSH descriptor XML,Symptom
alice in wonderland syndrome,MeSH descriptor XML,Symptom
alien limb phenomenon,MeSH descriptor XML,Symptom
allesthesia,MeSH descriptor XML,Symptom
amaurosis fugax,MeSH descriptor XML,Symptom
amblyopia,MeSH descriptor XML,Symptom
amnesia,MeSH descriptor XML,Symptom
"amnesia, anterograde",MeSH descriptor XML,Symptom
"amnesia, retrograde",MeSH descriptor XML,Symptom
"amnesia, transient global",MeSH descriptor XML,Symptom
angina pectoris,MeSH descriptor XML,Symptom
"angina pectoris, variant",MeSH descriptor XML,Symptom
"angina, stable",MeSH descriptor XML,Symptom
"angina, unstable",MeSH descriptor XML,Symptom
anhedonia,MeSH descriptor XML,Symptom
anisocoria,MeSH descriptor XML,Symptom
anomia,MeSH descriptor XML,Symptom
anorexia,MeSH descriptor XML,Symptom
anosmia,MeSH descriptor XML,Symptom
aphasia,MeSH descriptor XML,Symptom
"aphasia, broca",MeSH descriptor XML,Symptom
"aphasia, conduction",MeSH descriptor XML,Symptom
"aphasia, primary progressive",MeSH descriptor XML,Symptom
"aphasia, wernicke",MeSH descriptor XML,Symptom
aphonia,MeSH descriptor XML,Symptom
apnea,MeSH descriptor XML,Symptom
"apraxia, ideomotor",MeSH descriptor XML,Symptom
apraxias,MeSH descriptor XML,Symptom
arthralgia,MeSH descriptor XML,Symptom
articulation disorders,MeSH descriptor XML,Symptom
asthenia,MeSH descriptor XML,Symptom
ataxia,MeSH descriptor XML,Symptom
athetosis,MeSH descriptor XML,Symptom
auditory perceptual disorders,MeSH descriptor XML,Symptom
back pain,MeSH descriptor XML,Symptom
benign paroxysmal positional vertigo,MeSH descriptor XML,Symptom
bilateral vestibulopathy,MeSH descriptor XML,Symptom
birth weight,MeSH descriptor XML,Symptom
blindness,MeSH descriptor XML,Symptom
"blindness, cortical",MeSH descriptor XML,Symptom
body odor,MeSH descriptor XML,Symptom
body temperature changes,MeSH descriptor XML,Symptom
body weight,MeSH descriptor XML,Symptom
body weight changes,MeSH descriptor XML,Symptom
body-weight trajectory,MeSH descriptor XML,Symptom
breakthrough pain,MeSH descriptor XML,Symptom
"brief, resolved, unexplained event",MeSH descriptor XML,Symptom
brown-sequard syndrome,MeSH descriptor XML,Symptom
bulimia,MeSH descriptor XML,Symptom
cachexia,MeSH descriptor XML,Symptom
cafe-au-lait spots,MeSH descriptor XML,Symptom
cancer pain,MeSH descriptor XML,Symptom
"cardiac output, high",MeSH descriptor XML,Symptom
"cardiac output, low",MeSH descriptor XML,Symptom
catalepsy,MeSH descriptor XML,Symptom
catatonia,MeSH descriptor XML,Symptom
cellulite,MeSH descriptor XML,Symptom
cerebellar ataxia,MeSH descriptor XML,Symptom
cerebral cortical thinning,MeSH descriptor XML,Symptom
cerebrospinal fluid leak,MeSH descriptor XML,Symptom
cerebrospinal fluid otorrhea,MeSH descriptor XML,Symptom
cerebrospinal fluid rhinorrhea,MeSH descriptor XML,Symptom
charge syndrome,MeSH descriptor XML,Symptom
charles bonnet syndrome,MeSH descriptor XML,Symptom
chest pain,MeSH descriptor XML,Symptom
cheyne-stokes respiration,MeSH descriptor XML,Symptom
chills,MeSH descriptor XML,Symptom
chorea,MeSH descriptor XML,Symptom
chronic cough,MeSH descriptor XML,Symptom
chronic pain,MeSH descriptor XML,Symptom
color vision defects,MeSH descriptor XML,Symptom
coma,MeSH descriptor XML,Symptom
communication disorders,MeSH descriptor XML,Symptom
compassion fatigue,MeSH descriptor XML,Symptom
confusion,MeSH descriptor XML,Symptom
consciousness disorders,MeSH descriptor XML,Symptom
constipation,MeSH descriptor XML,Symptom
corneal endothelial cell loss,MeSH descriptor XML,Symptom
cough,MeSH descriptor XML,Symptom
crystalluria,MeSH descriptor XML,Symptom
cyanosis,MeSH descriptor XML,Symptom
deaf-blind disorders,MeSH descriptor XML,Symptom
deafness,MeSH descriptor XML,Symptom
decerebrate state,MeSH descriptor XML,Symptom
delirium,MeSH descriptor XML,Symptom
diabesity,MeSH descriptor XML,Symptom
diarrhea,MeSH descriptor XML,Symptom
"diarrhea, infantile",MeSH descriptor XML,Symptom
diplopia,MeSH descriptor XML,Symptom
dizziness,MeSH descriptor XML,Symptom
dropped head syndrome,MeSH descriptor XML,Symptom
drug fever,MeSH descriptor XML,Symptom
dysarthria,MeSH descriptor XML,Symptom
dyscalculia,MeSH descriptor XML,Symptom
dysgeusia,MeSH descriptor XML,Symptom
"dyskinesia, drug-induced",MeSH descriptor XML,Symptom
dyskinesias,MeSH descriptor XML,Symptom
dyslexia,MeSH descriptor XML,Symptom
"dyslexia, acquired",MeSH descriptor XML,Symptom
dysmenorrhea,MeSH descriptor XML,Symptom
dyspepsia,MeSH descriptor XML,Symptom
dysphonia,MeSH descriptor XML,Symptom
dyspnea,MeSH descriptor XML,Symptom
"dyspnea, paroxysmal",MeSH descriptor XML,Symptom
dystonia,MeSH descriptor XML,Symptom
dysuria,MeSH descriptor XML,Symptom
earache,MeSH descriptor XML,Symptom
ecchymosis,MeSH descriptor XML,Symptom
echolalia,MeSH descriptor XML,Symptom
edema,MeSH descriptor XML,Symptom
"edema, cardiac",MeSH descriptor XML,Symptom
emaciation,MeSH descriptor XML,Symptom
emergence delirium,MeSH descriptor XML,Symptom
emotional exhaustion,MeSH descriptor XML,Symptom
encopresis,MeSH descriptor XML,Symptom
epilepsia partialis continua,MeSH descriptor XML,Symptom
epistaxis,MeSH descriptor XML,Symptom
eructation,MeSH descriptor XML,Symptom
erythema,MeSH descriptor XML,Symptom
erythema ab igne,MeSH descriptor XML,Symptom
eye hemorrhage,MeSH descriptor XML,Symptom
eye manifestations,MeSH descriptor XML,Symptom
eye pain,MeSH descriptor XML,Symptom
facial pain,MeSH descriptor XML,Symptom
facial paralysis,MeSH descriptor XML,Symptom
failed back surgery syndrome,MeSH descriptor XML,Symptom
failure to thrive,MeSH descriptor XML,Symptom
fasciculation,MeSH descriptor XML,Symptom
fatigue,MeSH descriptor XML,Symptom
feeding and eating disorders,MeSH descriptor XML,Symptom
feminization,MeSH descriptor XML,Symptom
fetal distress,MeSH descriptor XML,Symptom
fetal hypoxia,MeSH descriptor XML,Symptom
fetal macrosomia,MeSH descriptor XML,Symptom
fetal weight,MeSH descriptor XML,Symptom
fever,MeSH descriptor XML,Symptom
fever of unknown origin,MeSH descriptor XML,Symptom
flank pain,MeSH descriptor XML,Symptom
flatulence,MeSH descriptor XML,Symptom
flushing,MeSH descriptor XML,Symptom
food intolerance,MeSH descriptor XML,Symptom
gagging,MeSH descriptor XML,Symptom
gait apraxia,MeSH descriptor XML,Symptom
gait ataxia,MeSH descriptor XML,Symptom
"gait disorders, neurologic",MeSH descriptor XML,Symptom
gastroparesis,MeSH descriptor XML,Symptom
gerstmann syndrome,MeSH descriptor XML,Symptom
gestational weight gain,MeSH descriptor XML,Symptom
glossalgia,MeSH descriptor XML,Symptom
halitosis,MeSH descriptor XML,Symptom
hallucinations,MeSH descriptor XML,Symptom
headache,MeSH descriptor XML,Symptom
hearing disorders,MeSH descriptor XML,Symptom
hearing loss,MeSH descriptor XML,Symptom
"hearing loss, bilateral",MeSH descriptor XML,Symptom
"hearing loss, central",MeSH descriptor XML,Symptom
"hearing loss, conductive",MeSH descriptor XML,Symptom
"hearing loss, functional",MeSH descriptor XML,Symptom
"hearing loss, hidden",MeSH descriptor XML,Symptom
"hearing loss, high-frequency",MeSH descriptor XML,Symptom
"hearing loss, mixed conductive-sensorineural",MeSH descriptor XML,Symptom
"hearing loss, noise-induced",MeSH descriptor XML,Symptom
"hearing loss, sensorineural",MeSH descriptor XML,Symptom
"hearing loss, sudden",MeSH descriptor XML,Symptom
"hearing loss, unilateral",MeSH descriptor XML,Symptom
heart murmurs,MeSH descriptor XML,Symptom
heartburn,MeSH descriptor XML,Symptom
hematemesis,MeSH descriptor XML,Symptom
hemianopsia,MeSH descriptor XML,Symptom
hemifacial spasm,MeSH descriptor XML,Symptom
hemiplegia,MeSH descriptor XML,Symptom
hemoglobinuria,MeSH descriptor XML,Symptom
hemoptysis,MeSH descriptor XML,Symptom
hiccup,MeSH descriptor XML,Symptom
hirsutism,MeSH descriptor XML,Symptom
hoarseness,MeSH descriptor XML,Symptom
horner syndrome,MeSH descriptor XML,Symptom
hot flashes,MeSH descriptor XML,Symptom
hydrops fetalis,MeSH descriptor XML,Symptom
hyperacusis,MeSH descriptor XML,Symptom
hyperalgesia,MeSH descriptor XML,Symptom
hypercalciuria,MeSH descriptor XML,Symptom
hypercapnia,MeSH descriptor XML,Symptom
hyperemesis gravidarum,MeSH descriptor XML,Symptom
hyperesthesia,MeSH descriptor XML,Symptom
hypergammaglobulinemia,MeSH descriptor XML,Symptom
hyperkinesis,MeSH descriptor XML,Symptom
hyperlactatemia,MeSH descriptor XML,Symptom
hyperoxia,MeSH descriptor XML,Symptom
hyperphagia,MeSH descriptor XML,Symptom
hyperthermia,MeSH descriptor XML,Symptom
hypertriglyceridemic waist,MeSH descriptor XML,Symptom
hyperventilation,MeSH descriptor XML,Symptom
hypesthesia,MeSH descriptor XML,Symptom
hypocapnia,MeSH descriptor XML,Symptom
hypokinesia,MeSH descriptor XML,Symptom
hypothermia,MeSH descriptor XML,Symptom
hypoventilation,MeSH descriptor XML,Symptom
hypoxia,MeSH descriptor XML,Symptom
"hypoxia, brain",MeSH descriptor XML,Symptom
"hypoxia-ischemia, brain",MeSH descriptor XML,Symptom
iga vasculitis,MeSH descriptor XML,Symptom
illusions,MeSH descriptor XML,Symptom
intellectual disability,MeSH descriptor XML,Symptom
intermittent claudication,MeSH descriptor XML,Symptom
jaundice,MeSH descriptor XML,Symptom
"jaundice, obstructive",MeSH descriptor XML,Symptom
jet lag syndrome,MeSH descriptor XML,Symptom
kearns-sayre syndrome,MeSH descriptor XML,Symptom
korsakoff syndrome,MeSH descriptor XML,Symptom
labor pain,MeSH descriptor XML,Symptom
language development disorders,MeSH descriptor XML,Symptom
language disorders,MeSH descriptor XML,Symptom
learning disabilities,MeSH descriptor XML,Symptom
lethargy,MeSH descriptor XML,Symptom
livedo reticularis,MeSH descriptor XML,Symptom
locked-in syndrome,MeSH descriptor XML,Symptom
low back pain,MeSH descriptor XML,Symptom
lower urinary tract symptoms,MeSH descriptor XML,Symptom
malignant hyperthermia,MeSH descriptor XML,Symptom
mania,MeSH descriptor XML,Symptom
mastodynia,MeSH descriptor XML,Symptom
medically unexplained symptoms,MeSH descriptor XML,Symptom
memory disorders,MeSH descriptor XML,Symptom
meningism,MeSH descriptor XML,Symptom
mental fatigue,MeSH descriptor XML,Symptom
metatarsalgia,MeSH descriptor XML,Symptom
miosis,MeSH descriptor XML,Symptom
mobility limitation,MeSH descriptor XML,Symptom
morning sickness,MeSH descriptor XML,Symptom
morton neuroma,MeSH descriptor XML,Symptom
motion sickness,MeSH descriptor XML,Symptom
mouth breathing,MeSH descriptor XML,Symptom
muscle cramp,MeSH descriptor XML,Symptom
muscle hypertonia,MeSH descriptor XML,Symptom
muscle hypotonia,MeSH descriptor XML,Symptom
muscle rigidity,MeSH descriptor XML,Symptom
muscle spasticity,MeSH descriptor XML,Symptom
muscle weakness,MeSH descriptor XML,Symptom
muscular atrophy,MeSH descriptor XML,Symptom
musculoskeletal pain,MeSH descriptor XML,Symptom
mutism,MeSH descriptor XML,Symptom
myalgia,MeSH descriptor XML,Symptom
myocardial stunning,MeSH descriptor XML,Symptom
myoclonus,MeSH descriptor XML,Symptom
myokymia,MeSH descriptor XML,Symptom
myotonia,MeSH descriptor XML,Symptom
nausea,MeSH descriptor XML,Symptom
neck pain,MeSH descriptor XML,Symptom
necrolytic migratory erythema,MeSH descriptor XML,Symptom
neuralgia,MeSH descriptor XML,Symptom
"neuralgia, postherpetic",MeSH descriptor XML,Symptom
neurobehavioral manifestations,MeSH descriptor XML,Symptom
neurologic manifestations,MeSH descriptor XML,Symptom
neuromuscular manifestations,MeSH descriptor XML,Symptom
nociceptive pain,MeSH descriptor XML,Symptom
nociplastic pain,MeSH descriptor XML,Symptom
nocturia,MeSH descriptor XML,Symptom
obesity,MeSH descriptor XML,Symptom
"obesity, abdominal",MeSH descriptor XML,Symptom
"obesity, metabolically benign",MeSH descriptor XML,Symptom
"obesity, morbid",MeSH descriptor XML,Symptom
olfaction disorders,MeSH descriptor XML,Symptom
oliguria,MeSH descriptor XML,Symptom
ophthalmoplegia,MeSH descriptor XML,Symptom
"ophthalmoplegia, chronic progressive external",MeSH descriptor XML,Symptom
ophthalmoplegic migraine,MeSH descriptor XML,Symptom
opioid-induced constipation,MeSH descriptor XML,Symptom
oral hemorrhage,MeSH descriptor XML,Symptom
oral manifestations,MeSH descriptor XML,Symptom
orthostatic intolerance,MeSH descriptor XML,Symptom
overtraining syndrome,MeSH descriptor XML,Symptom
overweight,MeSH descriptor XML,Symptom
pain,MeSH descriptor XML,Symptom
"pain, intractable",MeSH descriptor XML,Symptom
"pain, postoperative",MeSH descriptor XML,Symptom
"pain, procedural",MeSH descriptor XML,Symptom
"pain, referred",MeSH descriptor XML,Symptom
pallor,MeSH descriptor XML,Symptom
paralysis,MeSH descriptor XML,Symptom
paraparesis,MeSH descriptor XML,Symptom
"paraparesis, spastic",MeSH descriptor XML,Symptom
paraplegia,MeSH descriptor XML,Symptom
paresis,MeSH descriptor XML,Symptom
paresthesia,MeSH descriptor XML,Symptom
patient-ventilator asynchrony,MeSH descriptor XML,Symptom
pediatric obesity,MeSH descriptor XML,Symptom
pelvic girdle pain,MeSH descriptor XML,Symptom
pelvic pain,MeSH descriptor XML,Symptom
perceptual disorders,MeSH descriptor XML,Symptom
persistent vegetative state,MeSH descriptor XML,Symptom
phantom limb,MeSH descriptor XML,Symptom
photophobia,MeSH descriptor XML,Symptom
pica,MeSH descriptor XML,Symptom
piriformis muscle syndrome,MeSH descriptor XML,Symptom
platypnea orthodeoxia syndrome,MeSH descriptor XML,Symptom
polydipsia,MeSH descriptor XML,Symptom
"polydipsia, psychogenic",MeSH descriptor XML,Symptom
polyuria,MeSH descriptor XML,Symptom
postoperative nausea and vomiting,MeSH descriptor XML,Symptom
pregnancy in obesity,MeSH descriptor XML,Symptom
presbycusis,MeSH descriptor XML,Symptom
primary progressive nonfluent aphasia,MeSH descriptor XML,Symptom
prodromal symptoms,MeSH descriptor XML,Symptom
prosopagnosia,MeSH descriptor XML,Symptom
prostatism,MeSH descriptor XML,Symptom
proteinuria,MeSH descriptor XML,Symptom
pruritus,MeSH descriptor XML,Symptom
pseudobulbar palsy,MeSH descriptor XML,Symptom
pseudophakia,MeSH descriptor XML,Symptom
psychogenic nonepileptic seizures,MeSH descriptor XML,Symptom
psychomotor agitation,MeSH descriptor XML,Symptom
psychomotor disorders,MeSH descriptor XML,Symptom
psychophysiologic disorders,MeSH descriptor XML,Symptom
pudendal neuralgia,MeSH descriptor XML,Symptom
pupil disorders,MeSH descriptor XML,Symptom
purpura,MeSH descriptor XML,Symptom
purpura fulminans,MeSH descriptor XML,Symptom
"purpura, hyperglobulinemic",MeSH descriptor XML,Symptom
"purpura, thrombocytopenic",MeSH descriptor XML,Symptom
"purpura, thrombocytopenic, idiopathic",MeSH descriptor XML,Symptom
"purpura, thrombotic thrombocytopenic",MeSH descriptor XML,Symptom
quadriplegia,MeSH descriptor XML,Symptom
"reflex, abnormal",MeSH descriptor XML,Symptom
renal colic,MeSH descriptor XML,Symptom
respiratory paralysis,MeSH descriptor XML,Symptom
respiratory sounds,MeSH descriptor XML,Symptom
reticulocytosis,MeSH descriptor XML,Symptom
rhinorrhea,MeSH descriptor XML,Symptom
sarcopenia,MeSH descriptor XML,Symptom
sciatica,MeSH descriptor XML,Symptom
scotoma,MeSH descriptor XML,Symptom
seizures,MeSH descriptor XML,Symptom
"seizures, febrile",MeSH descriptor XML,Symptom
sensation disorders,MeSH descriptor XML,Symptom
shoulder pain,MeSH descriptor XML,Symptom
signs and symptoms,MeSH descriptor XML,Symptom
"signs and symptoms, digestive",MeSH descriptor XML,Symptom
"signs and symptoms, respiratory",MeSH descriptor XML,Symptom
skin manifestations,MeSH descriptor XML,Symptom
sleep deprivation,MeSH descriptor XML,Symptom
sleep wake disorders,MeSH descriptor XML,Symptom
sleepiness,MeSH descriptor XML,Symptom
slit ventricle syndrome,MeSH descriptor XML,Symptom
sneezing,MeSH descriptor XML,Symptom
snoring,MeSH descriptor XML,Symptom
somatosensory disorders,MeSH descriptor XML,Symptom
space motion sickness,MeSH descriptor XML,Symptom
spasm,MeSH descriptor XML,Symptom
specific language disorder,MeSH descriptor XML,Symptom
specific learning disorder,MeSH descriptor XML,Symptom
speech disorders,MeSH descriptor XML,Symptom
status epilepticus,MeSH descriptor XML,Symptom
striae distensae,MeSH descriptor XML,Symptom
stupor,MeSH descriptor XML,Symptom
stuttering,MeSH descriptor XML,Symptom
"supranuclear palsy, progressive",MeSH descriptor XML,Symptom
susac syndrome,MeSH descriptor XML,Symptom
sweating sickness,MeSH descriptor XML,Symptom
syncope,MeSH descriptor XML,Symptom
"syncope, vasovagal",MeSH descriptor XML,Symptom
synkinesis,MeSH descriptor XML,Symptom
systolic murmurs,MeSH descriptor XML,Symptom
tachypnea,MeSH descriptor XML,Symptom
tardive dyskinesia,MeSH descriptor XML,Symptom
taste disorders,MeSH descriptor XML,Symptom
tetany,MeSH descriptor XML,Symptom
thinness,MeSH descriptor XML,Symptom
tics,MeSH descriptor XML,Symptom
tinea pedis,MeSH descriptor XML,Symptom
tinnitus,MeSH descriptor XML,Symptom
tonic pupil,MeSH descriptor XML,Symptom
toothache,MeSH descriptor XML,Symptom
torticollis,MeSH descriptor XML,Symptom
transient tachypnea of the newborn,MeSH descriptor XML,Symptom
travel-related illness,MeSH descriptor XML,Symptom
tremor,MeSH descriptor XML,Symptom
trismus,MeSH descriptor XML,Symptom
unconsciousness,MeSH descriptor XML,Symptom
"urinary bladder, neurogenic",MeSH descriptor XML,Symptom
"urinary bladder, overactive",MeSH descriptor XML,Symptom
"urinary bladder, underactive",MeSH descriptor XML,Symptom
urinary incontinence,MeSH descriptor XML,Symptom
"urinary incontinence, stress",MeSH descriptor XML,Symptom
"urinary incontinence, urge",MeSH descriptor XML,Symptom
urinoma,MeSH descriptor XML,Symptom
urological manifestations,MeSH descriptor XML,Symptom
usher syndromes,MeSH descriptor XML,Symptom
vertigo,MeSH descriptor XML,Symptom
virilism,MeSH descriptor XML,Symptom
visceral pain,MeSH descriptor XML,Symptom
vision disorders,MeSH descriptor XML,Symptom
"vision, low",MeSH descriptor XML,Symptom
vocal cord paralysis,MeSH descriptor XML,Symptom
voice disorders,MeSH descriptor XML,Symptom
vomiting,MeSH descriptor XML,Symptom
"vomiting, anticipatory",MeSH descriptor XML,Symptom
waterhouse-friderichsen syndrome,MeSH descriptor XML,Symptom
weight cycling,MeSH descriptor XML,Symptom
weight gain,MeSH descriptor XML,Symptom
weight loss,MeSH descriptor XML,Symptom
