node_id,label,type,attributes
P:PMC5137649_01,PMC5137649_01,Patient,age=44.0; gender=Female
S:abdominal_pain,abdominal pain,Symptom,
S:nausea,nausea,Symptom,
S:constipation,constipation,Symptom,
E:contrast_enhanced_computed_tomography,contrast enhanced computed tomography,Exam,
R:cystic_lesion,cystic lesion,Result,
A:stomach,stomach,Anatomy,
A:pancreas,pancreas,Anatomy,
R:cyst,cyst,Result,
E:fna,FNA,Exam,
R:carcinoembryonic_antigen,carcinoembryonic antigen,Result,
R:carbohydrate_antigen,carbohydrate antigen,Result,
D:mucinous_pancreatic_cystic_neoplasm,mucinous pancreatic cystic neoplasm,Disease,
A:posterior_wall,posterior wall,Anatomy,
E:intraoperative_endoscopy,intraoperative endoscopy,Exam,
A:coeliac_axis,coeliac axis,Anatomy,
D:gastric_duplication_cyst,gastric duplication cyst,Disease,
E:pathology,pathology,Exam,
