source_id,target_id,relation,attributes,case_id,sentence_number,sentence
P:PMC5137649_01,S:abdominal_pain,PRESENTS_WITH,duration=3-day history; laterality=right,PMC5137649_01,1,A 44-year-old woman presented with a 3-day history of right flank and lower quadrant abdominal pain associated with nausea and constipation
P:PMC5137649_01,S:nausea,PRESENTS_WITH,duration=3-day history; laterality=right,PMC5137649_01,1,A 44-year-old woman presented with a 3-day history of right flank and lower quadrant abdominal pain associated with nausea and constipation
P:PMC5137649_01,S:constipation,PRESENTS_WITH,duration=3-day history; laterality=right,PMC5137649_01,1,A 44-year-old woman presented with a 3-day history of right flank and lower quadrant abdominal pain associated with nausea and constipation
P:PMC5137649_01,E:tomography,UNDERWENT_EXAM,size=6cm,PMC5137649_01,3,"She underwent contrast enhanced computed tomography, demonstrating a 6cm cystic lesion between the stomach and body/tail of the pancreas (Fig 1)"
P:PMC5137649_01,A:stomach,LOCATED_IN,size=6cm,PMC5137649_01,3,"She underwent contrast enhanced computed tomography, demonstrating a 6cm cystic lesion between the stomach and body/tail of the pancreas (Fig 1)"
P:PMC5137649_01,A:tail,LOCATED_IN,size=6cm,PMC5137649_01,3,"She underwent contrast enhanced computed tomography, demonstrating a 6cm cystic lesion between the stomach and body/tail of the pancreas (Fig 1)"
P:PMC5137649_01,A:pancreas,LOCATED_IN,size=6cm,PMC5137649_01,3,"She underwent contrast enhanced computed tomography, demonstrating a 6cm cystic lesion between the stomach and body/tail of the pancreas (Fig 1)"
P:PMC5137649_01,D:cyst,DIAGNOSED_WITH,size=6cm x 9cm,PMC5137649_01,4,"She subsequently underwent EUS-FNA, which revealed normal pancreatic echotexture and a cyst measuring 6cm x 9cm that was free of internal septations or associated masses (Fig 2) but compressed the stomach"
P:PMC5137649_01,A:stomach,LOCATED_IN,size=6cm x 9cm,PMC5137649_01,4,"She subsequently underwent EUS-FNA, which revealed normal pancreatic echotexture and a cyst measuring 6cm x 9cm that was free of internal septations or associated masses (Fig 2) but compressed the stomach"
P:PMC5137649_01,D:cyst,DIAGNOSED_WITH,dosage=6iu; value=476.5ng/ml; value=6iu/ml,PMC5137649_01,5,"FNA of the cyst demonstrated no evidence of malignancy but did show the presence of extracellular mucin as well as a carcinoembryonic antigen (CEA) level of 12,476.5ng/ml and a carbohydrate antigen (CA) 19-9 level of 6iu/ml, suggesting the diagnosis of a mucinous pancreatic cystic neoplasm"
P:PMC5137649_01,E:diagnosis,UNDERWENT_EXAM,dosage=6iu; value=476.5ng/ml; value=6iu/ml,PMC5137649_01,5,"FNA of the cyst demonstrated no evidence of malignancy but did show the presence of extracellular mucin as well as a carcinoembryonic antigen (CEA) level of 12,476.5ng/ml and a carbohydrate antigen (CA) 19-9 level of 6iu/ml, suggesting the diagnosis of a mucinous pancreatic cystic neoplasm"
P:PMC5137649_01,D:cystic_neoplasm,DIAGNOSED_WITH,dosage=6iu; value=476.5ng/ml; value=6iu/ml,PMC5137649_01,5,"FNA of the cyst demonstrated no evidence of malignancy but did show the presence of extracellular mucin as well as a carcinoembryonic antigen (CEA) level of 12,476.5ng/ml and a carbohydrate antigen (CA) 19-9 level of 6iu/ml, suggesting the diagnosis of a mucinous pancreatic cystic neoplasm"
P:PMC5137649_01,Pr:pancreatectomy,UNDERWENT_EXAM,aspect=distal,PMC5137649_01,7,A laparoscopic distal pancreatectomy was planned
P:PMC5137649_01,A:lesser_sac,LOCATED_IN,aspect=posterior,PMC5137649_01,8,"At the time of the laparoscopic exploration, entrance to the lesser sac was first obtained and, on mobilising the posterior wall of the stomach, the lesion was noted to be tightly adherent to both the stomach and pancreas"
P:PMC5137649_01,A:stomach,LOCATED_IN,aspect=posterior,PMC5137649_01,8,"At the time of the laparoscopic exploration, entrance to the lesser sac was first obtained and, on mobilising the posterior wall of the stomach, the lesion was noted to be tightly adherent to both the stomach and pancreas"
P:PMC5137649_01,A:pancreas,LOCATED_IN,aspect=posterior,PMC5137649_01,8,"At the time of the laparoscopic exploration, entrance to the lesser sac was first obtained and, on mobilising the posterior wall of the stomach, the lesion was noted to be tightly adherent to both the stomach and pancreas"
P:PMC5137649_01,A:pancreas,LOCATED_IN,,PMC5137649_01,9,The pancreas was mobilised free of the cyst and it was evident that the lesion originated from the stomach
P:PMC5137649_01,A:stomach,LOCATED_IN,,PMC5137649_01,9,The pancreas was mobilised free of the cyst and it was evident that the lesion originated from the stomach
P:PMC5137649_01,E:endoscopy,UNDERWENT_EXAM,,PMC5137649_01,10,Intraoperative endoscopy was performed and no mucosal abnormalities of the stomach were noted
P:PMC5137649_01,D:cyst,LOCATED_IN,,PMC5137649_01,11,"On further mobilisation, the cyst was adherent to the coeliac axis and the procedure was converted to an open resection"
P:PMC5137649_01,E:procedure,UNDERWENT_EXAM,,PMC5137649_01,11,"On further mobilisation, the cyst was adherent to the coeliac axis and the procedure was converted to an open resection"
P:PMC5137649_01,D:cyst,LOCATED_IN,aspect=posterior,PMC5137649_01,12,The stomach was fully mobilised and the gastric duplication cyst was noted to be arising from the posterior wall
P:PMC5137649_01,D:cyst,DIAGNOSED_WITH,aspect=posterior,PMC5137649_01,13,It was dissected off the coeliac vessels and an enbloc resection of the cyst along with a portion of the posterior wall of the stomach with a surgical stapler was performed
P:PMC5137649_01,D:cyst,DIAGNOSED_WITH,size=9.5cm x 4.5cm x 2.0cm,PMC5137649_01,16,Final pathology revealed a 9.5cm x 4.5cm x 2.0cm cyst with a smooth internal cyst wall consistent with a GDC (Figs 3-5)
P:PMC5137649_01,S:pain,PRESENTS_WITH,,PMC5137649_01,18,"On follow-up, she had complete resolution of her pain and nausea, and a return to regular bowel function and activity."
P:PMC5137649_01,S:nausea,PRESENTS_WITH,,PMC5137649_01,18,"On follow-up, she had complete resolution of her pain and nausea, and a return to regular bowel function and activity."
