case_id,article_id,split
PMC9387390_01,PMC9387390,train
PMC3437073_01,PMC3437073,train
PMC7102447_01,PMC7102447,train
PMC6354154_01,PMC6354154,train
PMC4782471_01,PMC4782471,train
PMC4835621_01,PMC4835621,train
PMC8627357_01,PMC8627357,train
PMC3917415_01,PMC3917415,train
PMC7718649_01,PMC7718649,train
PMC6134951_01,PMC6134951,train
PMC6343374_01,PMC6343374,train
PMC9532611_01,PMC9532611,train
PMC9532611_02,PMC9532611,train
PMC5875137_01,PMC5875137,train
PMC6949661_01,PMC6949661,train
PMC10405809_01,PMC10405809,train
PMC7519975_01,PMC7519975,train
PMC3950436_01,PMC3950436,train
PMC10434843_01,PMC10434843,train
PMC2700431_01,PMC2700431,train
PMC10106591_01,PMC10106591,train
PMC4073451_01,PMC4073451,train
PMC6083636_01,PMC6083636,train
PMC6083636_02,PMC6083636,train
PMC6083636_03,PMC6083636,train
PMC9969157_01,PMC9969157,train
PMC4828947_01,PMC4828947,train
PMC3859158_01,PMC3859158,train
PMC9650410_01,PMC9650410,train
PMC5804616_01,PMC5804616,train
PMC3897989_01,PMC3897989,train
PMC11131390_01,PMC11131390,train
PMC10521634_01,PMC10521634,train
PMC10710131_01,PMC10710131,train
PMC10488652_01,PMC10488652,train
PMC11420039_01,PMC11420039,train
PMC11259348_01,PMC11259348,train
PMC11259348_02,PMC11259348,train
PMC11368112_01,PMC11368112,train
PMC11345641_01,PMC11345641,train
PMC11723754_01,PMC11723754,train
PMC11722600_01,PMC11722600,train
PMC11722600_02,PMC11722600,train
PMC12215201_01,PMC12215201,train
PMC12832199_01,PMC12832199,train
PMC5137649_01,PMC5137649,test
PMC5833205_01,PMC5833205,test
PMC9529523_01,PMC9529523,test
PMC4630775_01,PMC4630775,test
PMC7086412_01,PMC7086412,test
PMC7086412_02,PMC7086412,test
PMC3557982_01,PMC3557982,test
PMC9815523_01,PMC9815523,test
PMC4310058_01,PMC4310058,test
PMC2817501_01,PMC2817501,test
PMC11783470_01,PMC11783470,test
