edge_id,source_id,target_id,relation,attributes
e1,P1,S1,PRESENTS_WITH,duration=3-day history
e2,P1,S2,PRESENTS_WITH,duration=3-day history
e3,P1,S3,PRESENTS_WITH,duration=3-day history
e4,P1,E1,UNDERWENT_EXAM,
e5,P1,E2,UNDERWENT_EXAM,
e6,P1,E3,UNDERWENT_EXAM,
e7,P2,S4,PRESENTS_WITH,duration=57-year
e8,P2,S5,PRESENTS_WITH,
e9,P2,E2,UNDERWENT_EXAM,
e10,P2,E4,UNDERWENT_EXAM,
e11,P2,D1,DIAGNOSED_WITH,status=confirmed
e12,D1,A1,LOCATED_IN,
e13,P2,S2,PRESENTS_WITH,
e14,P3,D2,DIAGNOSED_WITH,status=confirmed
e15,D2,A2,LOCATED_IN,
e16,P3,E3,UNDERWENT_EXAM,
e17,E3,R1,REVEALS,
e18,P3,M1,TAKES,dosage=300 mg
e19,P3,M2,TAKES,dosage=600 mg
e20,P3,M3,TAKES,dosage=600 mg
e21,P3,M4,TAKES,dosage=500 mg
e22,P4,D3,HAS_PERSONAL_HISTORY,
e23,D3,A3,LOCATED_IN,
e24,P4,D4,HAS_PERSONAL_HISTORY,
e25,D4,A3,LOCATED_IN,
e26,P4,S5,PRESENTS_WITH,
e27,P4,M5,TAKES,
e28,P4,E2,UNDERWENT_EXAM,
e29,E2,R2,REVEALS,
e30,P4,D5,DIAGNOSED_WITH,status=confirmed
e31,P4,D6,DIAGNOSED_WITH,status=confirmed
e32,D6,A3,LOCATED_IN,
e33,P4,D6,DIAGNOSED_WITH,status=confirmed; method=pathology
e34,P4,M6,TAKES,
e35,P5,D7,DIAGNOSED_WITH,status=confirmed
e36,P5,E5,UNDERWENT_EXAM,
e37,P5,M7,TAKES,
e38,P5,M8,TAKES,
e39,P5,E6,UNDERWENT_EXAM,
e40,P5,E7,UNDERWENT_EXAM,
e41,P5,E8,UNDERWENT_EXAM,
e42,P5,M7,TAKES,
e43,P6,E9,UNDERWENT_EXAM,
e44,P6,D3,DIAGNOSED_WITH,status=confirmed
e45,P6,S6,PRESENTS_WITH,duration=1-week
e46,P6,E10,UNDERWENT_EXAM,
e47,P6,E11,UNDERWENT_EXAM,
e48,P6,E12,UNDERWENT_EXAM,
e49,P6,E13,UNDERWENT_EXAM,
e50,P6,E14,UNDERWENT_EXAM,
e51,P6,E15,UNDERWENT_EXAM,
e52,P6,E9,UNDERWENT_EXAM,
e53,P6,D3,DIAGNOSED_WITH,status=confirmed
e54,P6,M9,TAKES,
e55,P6,M10,TAKES,
e56,P6,D8,DIAGNOSED_WITH,status=confirmed
e57,P6,M11,TAKES,
e58,P6,E16,UNDERWENT_EXAM,
e59,P6,S6,PRESENTS_WITH,
e60,P6,D9,DIAGNOSED_WITH,status=confirmed
e61,P6,M12,TAKES,
e62,P6,M13,TAKES,
e63,P7,S7,PRESENTS_WITH,
e64,P7,S4,PRESENTS_WITH,
e65,P7,S2,PRESENTS_WITH,
e66,P7,S8,PRESENTS_WITH,
e67,P7,D3,HAS_PERSONAL_HISTORY,
e68,P7,D10,HAS_PERSONAL_HISTORY,
e69,P7,M14,TAKES,
e70,P7,M15,TAKES,
e71,P7,M16,TAKES,
e72,P7,M14,TAKES,
e73,P7,E1,UNDERWENT_EXAM,
e74,P7,E17,UNDERWENT_EXAM,
e75,P7,S9,PRESENTS_WITH,
e76,P7,E1,UNDERWENT_EXAM,
e77,P7,E1,UNDERWENT_EXAM,
e78,P7,E13,UNDERWENT_EXAM,
e79,P7,E18,UNDERWENT_EXAM,
e80,P7,E19,UNDERWENT_EXAM,
e81,P7,M17,TAKES,
e82,P7,E20,UNDERWENT_EXAM,
e83,P7,M18,TAKES,
e84,P7,E4,UNDERWENT_EXAM,
e85,P7,E3,UNDERWENT_EXAM,
e86,P7,E2,UNDERWENT_EXAM,
e87,P7,M19,TAKES,
e88,P7,M5,TAKES,
e89,P7,D6,DIAGNOSED_WITH,status=confirmed
e90,P7,D11,DIAGNOSED_WITH,status=confirmed
e91,D11,A4,LOCATED_IN,
e92,D11,A5,LOCATED_IN,
e93,P7,E4,UNDERWENT_EXAM,
e94,P7,D11,DIAGNOSED_WITH,status=confirmed
e95,P7,M20,TAKES,
e96,P7,M21,TAKES,
e97,P7,M22,TAKES,
e98,P8,S10,PRESENTS_WITH,duration=36-year
e99,P8,M23,TAKES,
e100,P8,M24,TAKES,
e101,P8,E2,UNDERWENT_EXAM,
e102,P8,S5,PRESENTS_WITH,
e103,P8,S11,PRESENTS_WITH,
e104,P8,M11,TAKES,
e105,P8,M25,TAKES,
e106,P8,S12,PRESENTS_WITH,
e107,P8,E21,UNDERWENT_EXAM,
e108,P8,D12,DIAGNOSED_WITH,status=confirmed
e109,P8,M26,TAKES,
e110,P8,M27,TAKES,
e111,P8,D13,DIAGNOSED_WITH,status=confirmed
e112,P8,D14,DIAGNOSED_WITH,status=confirmed
e113,P9,S5,PRESENTS_WITH,
e114,P9,S5,PRESENTS_WITH,
e115,P9,S5,PRESENTS_WITH,
e116,P9,E22,UNDERWENT_EXAM,
e117,P9,M28,TAKES,dosage=6.4 mg
e118,P9,D15,DIAGNOSED_WITH,status=confirmed
e119,P9,D16,DIAGNOSED_WITH,status=confirmed
e120,P9,E23,UNDERWENT_EXAM,
e121,P9,M28,TAKES,dosage=6 mg
e122,P9,M28,TAKES,dosage=6 mg
e123,P9,S5,PRESENTS_WITH,
e124,P9,S4,PRESENTS_WITH,
e125,P9,S5,PRESENTS_WITH,
e126,P9,M28,TAKES,dosage=11.8 g
e127,P10,S13,PRESENTS_WITH,duration=47-year
e128,P10,M29,TAKES,dosage=7.5mg
e129,P10,M30,TAKES,dosage=50mg
e130,P10,E24,UNDERWENT_EXAM,
e131,E24,R3,REVEALS,
e132,R3,A6,LOCATED_IN,
e133,P10,E2,UNDERWENT_EXAM,
e134,P10,D17,DIAGNOSED_WITH,status=confirmed
e135,P10,D17,DIAGNOSED_WITH,status=confirmed
e136,P10,D17,DIAGNOSED_WITH,status=confirmed
e137,P10,D17,DIAGNOSED_WITH,status=confirmed
e138,D17,A7,LOCATED_IN,
e139,P10,E25,UNDERWENT_EXAM,
e140,P10,D17,DIAGNOSED_WITH,status=confirmed
e141,P10,D17,DIAGNOSED_WITH,status=confirmed
e142,P10,M31,TAKES,
e143,P10,D18,DIAGNOSED_WITH,status=confirmed
e144,P11,M32,TAKES,dosage=10 mg
e145,P11,M33,TAKES,dosage=0.2 g
e146,P11,S6,PRESENTS_WITH,
e147,P11,S14,PRESENTS_WITH,
e148,P11,S7,PRESENTS_WITH,
e149,P11,S2,PRESENTS_WITH,
e150,P11,S15,PRESENTS_WITH,
e151,P11,S16,PRESENTS_WITH,
e152,P11,S4,PRESENTS_WITH,
e153,P11,M34,TAKES,dosage=75 mg
e154,P11,M35,TAKES,dosage=0.4 g
e155,P11,M36,TAKES,dosage=1.4 g
e156,P11,M32,TAKES,
e157,P11,M33,TAKES,
e158,P11,E26,UNDERWENT_EXAM,
e159,P11,E27,UNDERWENT_EXAM,
e160,P11,M32,TAKES,dosage=25 mg
e161,P11,M37,TAKES,
e162,P11,E27,UNDERWENT_EXAM,
e163,P11,E28,UNDERWENT_EXAM,
e164,P11,S6,PRESENTS_WITH,
e165,P11,E3,UNDERWENT_EXAM,
e166,P11,E1,UNDERWENT_EXAM,
e167,P11,E12,UNDERWENT_EXAM,
e168,P11,E11,UNDERWENT_EXAM,
e169,P11,E13,UNDERWENT_EXAM,
e170,P11,E28,UNDERWENT_EXAM,
e171,P11,D19,DIAGNOSED_WITH,status=confirmed
e172,P11,M32,TAKES,dosage=25 mg
e173,P11,M33,TAKES,dosage=0.2 g
e174,P11,M38,TAKES,dosage=40 mg
e175,P11,M32,TAKES,dosage=40 mg
e176,P11,M39,TAKES,dosage=0.5 g
e177,P11,M40,TAKES,dosage=50 mg
e178,P11,M41,TAKES,dosage=50 mg
e179,P11,E27,UNDERWENT_EXAM,
e180,P11,M32,TAKES,dosage=15 mg
e181,P11,D20,DIAGNOSED_WITH,status=confirmed
e182,P11,M32,TAKES,dosage=10 mg
e183,P11,D20,DIAGNOSED_WITH,status=confirmed
e184,P11,S17,PRESENTS_WITH,
e185,S17,A8,LOCATED_IN,
e186,P11,M42,TAKES,
e187,P11,M37,TAKES,
e188,P11,E29,UNDERWENT_EXAM,
e189,P12,D4,DIAGNOSED_WITH,status=confirmed
e190,D4,A2,LOCATED_IN,
e191,P12,D21,DIAGNOSED_WITH,status=confirmed
e192,D21,A2,LOCATED_IN,
e193,P12,D12,DIAGNOSED_WITH,status=confirmed
e194,D12,A2,LOCATED_IN,
e195,P12,D22,DIAGNOSED_WITH,status=confirmed
e196,D22,A2,LOCATED_IN,
e197,P12,D22,DIAGNOSED_WITH,status=confirmed
e198,P12,D1,DIAGNOSED_WITH,status=confirmed
e199,P12,E30,UNDERWENT_EXAM,
e200,P12,M43,TAKES,
e201,P12,M44,TAKES,
e202,P12,E3,UNDERWENT_EXAM,
e203,P12,D22,DIAGNOSED_WITH,status=confirmed
e204,P12,S18,PRESENTS_WITH,
e205,P12,D23,DIAGNOSED_WITH,status=confirmed
e206,D23,A9,LOCATED_IN,
e207,D23,A10,LOCATED_IN,
e208,P12,D24,DIAGNOSED_WITH,status=confirmed
e209,D24,A9,LOCATED_IN,
e210,D24,A10,LOCATED_IN,
e211,P12,D25,DIAGNOSED_WITH,status=confirmed
e212,P12,D25,DIAGNOSED_WITH,status=confirmed
e213,P12,D26,DIAGNOSED_WITH,status=confirmed
e214,P12,D27,DIAGNOSED_WITH,status=confirmed
e215,P12,M32,TAKES,dosage=30 mg
e216,P12,M45,TAKES,dosage=50 mg
e217,P12,M32,TAKES,dosage=50 mg
e218,P12,M46,TAKES,dosage=50 mg
e219,P12,E4,UNDERWENT_EXAM,
e220,P12,D24,DIAGNOSED_WITH,status=confirmed
e221,D24,A10,LOCATED_IN,
e222,D24,A11,LOCATED_IN,
e223,P12,M32,TAKES,
e224,P12,D22,DIAGNOSED_WITH,status=confirmed
e225,P13,E15,UNDERWENT_EXAM,
e226,P13,E3,UNDERWENT_EXAM,
e227,P13,E15,UNDERWENT_EXAM,
e228,P13,D28,DIAGNOSED_WITH,status=confirmed
e229,P13,E15,UNDERWENT_EXAM,
e230,P13,E31,UNDERWENT_EXAM,
e231,P13,E9,UNDERWENT_EXAM,
e232,P13,E16,UNDERWENT_EXAM,
e233,P13,D28,DIAGNOSED_WITH,status=confirmed
e234,P13,D28,DIAGNOSED_WITH,status=confirmed
e235,P13,D28,DIAGNOSED_WITH,status=confirmed
e236,P14,E3,UNDERWENT_EXAM,
e237,P14,S17,PRESENTS_WITH,
e238,P14,M47,TAKES,
e239,P14,D8,DIAGNOSED_WITH,status=confirmed
e240,D8,A12,LOCATED_IN,
e241,D8,A13,LOCATED_IN,
e242,P14,M18,TAKES,dosage=2317 mg
e243,P14,M18,TAKES,
e244,P14,M48,TAKES,
e245,P14,D29,DIAGNOSED_WITH,status=confirmed
e246,P14,M18,TAKES,dosage=6.2 mg
e247,P14,E1,UNDERWENT_EXAM,
e248,P14,D29,DIAGNOSED_WITH,status=confirmed
e249,P14,M33,TAKES,dosage=300 mg
e250,P14,E32,UNDERWENT_EXAM,
e251,P14,S19,PRESENTS_WITH,
e252,P14,E1,UNDERWENT_EXAM,
e253,E1,R4,REVEALS,
e254,P14,M33,TAKES,
e255,P14,M33,TAKES,
e256,P14,M33,TAKES,dosage=200 mg
e257,P14,E4,UNDERWENT_EXAM,
e258,P14,D3,DIAGNOSED_WITH,status=confirmed
e259,D3,A6,LOCATED_IN,
e260,D3,A6,LOCATED_IN,
e261,P14,E33,UNDERWENT_EXAM,
e262,P14,E34,UNDERWENT_EXAM,
e263,P14,M49,TAKES,
e264,P14,E2,UNDERWENT_EXAM,
e265,E2,R3,REVEALS,
e266,R3,A2,LOCATED_IN,
e267,P14,S20,PRESENTS_WITH,
e268,P14,D3,DIAGNOSED_WITH,status=confirmed
e269,P14,E15,UNDERWENT_EXAM,
e270,E15,R5,REVEALS,
e271,P14,E35,UNDERWENT_EXAM,
e272,E35,R5,REVEALS,
e273,P14,S10,PRESENTS_WITH,
e274,P14,D30,DIAGNOSED_WITH,status=confirmed
e275,P14,E4,UNDERWENT_EXAM,
e276,P14,E4,UNDERWENT_EXAM,
e277,P14,E25,UNDERWENT_EXAM,
e278,P14,D31,DIAGNOSED_WITH,status=confirmed
e279,D31,A14,LOCATED_IN,
e280,P14,M33,TAKES,
e281,P14,E4,UNDERWENT_EXAM,
e282,P14,M33,TAKES,
e283,P14,M32,TAKES,
e284,P15,D3,DIAGNOSED_WITH,status=confirmed
e285,P15,S21,PRESENTS_WITH,
e286,P15,D3,DIAGNOSED_WITH,status=confirmed
e287,P15,D3,DIAGNOSED_WITH,status=confirmed
e288,P16,E12,UNDERWENT_EXAM,
e289,P16,E36,UNDERWENT_EXAM,
e290,P16,M50,TAKES,
e291,P16,M51,TAKES,
e292,P16,M8,TAKES,
e293,P16,M52,TAKES,
e294,P16,M7,TAKES,
e295,P16,M53,TAKES,
e296,P16,E37,UNDERWENT_EXAM,
e297,P16,E38,UNDERWENT_EXAM,
e298,P17,E2,UNDERWENT_EXAM,
e299,P17,D32,DIAGNOSED_WITH,status=confirmed
e300,D32,A15,LOCATED_IN,
e301,P17,E15,UNDERWENT_EXAM,
e302,P18,S22,PRESENTS_WITH,duration=23-year
e303,P18,S13,PRESENTS_WITH,
e304,P18,S18,PRESENTS_WITH,
e305,P18,E12,UNDERWENT_EXAM,
e306,P18,E2,UNDERWENT_EXAM,
e307,E2,R5,REVEALS,
e308,R5,A16,LOCATED_IN,
e309,P18,E15,UNDERWENT_EXAM,
e310,E15,R5,REVEALS,
e311,P18,S2,PRESENTS_WITH,
e312,P18,S8,PRESENTS_WITH,
e313,P18,E12,UNDERWENT_EXAM,
e314,E12,R6,REVEALS,
e315,P18,E39,UNDERWENT_EXAM,
e316,P18,E40,UNDERWENT_EXAM,
e317,P18,D33,DIAGNOSED_WITH,status=confirmed
e318,P19,S16,PRESENTS_WITH,
e319,P19,S17,PRESENTS_WITH,
e320,P19,E41,UNDERWENT_EXAM,
e321,P19,S19,PRESENTS_WITH,
e322,P19,D34,DIAGNOSED_WITH,status=suspected; method=clinical/imaging
e323,D34,A4,LOCATED_IN,
e324,P19,D15,DIAGNOSED_WITH,status=suspected; method=clinical/imaging
e325,D15,A4,LOCATED_IN,
e326,P19,E2,UNDERWENT_EXAM,
e327,P19,E3,UNDERWENT_EXAM,
e328,P19,S19,PRESENTS_WITH,
e329,P19,E4,UNDERWENT_EXAM,
e330,P19,D15,DIAGNOSED_WITH,status=confirmed
e331,P19,E3,UNDERWENT_EXAM,
e332,P19,E9,UNDERWENT_EXAM,
e333,P19,M20,TAKES,dosage=20 mg
e334,P19,E9,UNDERWENT_EXAM,
e335,P20,M54,TAKES,
e336,P20,D19,DIAGNOSED_WITH,status=confirmed
e337,P20,D35,DIAGNOSED_WITH,status=confirmed
e338,P20,E2,UNDERWENT_EXAM,
e339,E2,R7,REVEALS,
e340,R7,A17,LOCATED_IN,
e341,R7,A17,LOCATED_IN,
e342,P20,E42,UNDERWENT_EXAM,
e343,P20,E12,UNDERWENT_EXAM,
e344,P20,E10,UNDERWENT_EXAM,
e345,P20,M41,TAKES,dosage=125 mg
e346,P20,M14,TAKES,dosage=8.2 mg
e347,P20,E13,UNDERWENT_EXAM,
e348,P20,E43,UNDERWENT_EXAM,
e349,P20,E44,UNDERWENT_EXAM,
e350,P20,E45,UNDERWENT_EXAM,
e351,E45,R8,REVEALS,
e352,E45,R9,REVEALS,
e353,P20,M54,TAKES,
e354,P20,E45,UNDERWENT_EXAM,
e355,E45,R3,REVEALS,
e356,P20,E45,UNDERWENT_EXAM,
e357,E45,R3,REVEALS,
e358,P20,E45,UNDERWENT_EXAM,
e359,E45,R3,REVEALS,
e360,P20,M55,TAKES,
e361,P20,E46,UNDERWENT_EXAM,
e362,P20,E12,UNDERWENT_EXAM,
e363,P20,E47,UNDERWENT_EXAM,timeline=postoperative day 7
e364,P21,D36,DIAGNOSED_WITH,status=confirmed
e365,D36,A18,LOCATED_IN,
e366,D36,A19,LOCATED_IN,
e367,D36,A7,LOCATED_IN,
e368,P21,S23,PRESENTS_WITH,
e369,P21,S17,PRESENTS_WITH,
e370,S17,A20,LOCATED_IN,
e371,P21,S24,PRESENTS_WITH,
e372,P21,S17,PRESENTS_WITH,
e373,P21,E12,UNDERWENT_EXAM,
e374,P21,E10,UNDERWENT_EXAM,
e375,P21,E11,UNDERWENT_EXAM,
e376,P21,M56,TAKES,dosage=120 mg
e377,P21,M57,TAKES,dosage=2 mcg
e378,P21,E21,UNDERWENT_EXAM,
e379,P21,M58,TAKES,dosage=24G
e380,P21,E17,UNDERWENT_EXAM,
e381,P22,S25,PRESENTS_WITH,duration=49-year
e382,P22,M59,TAKES,
e383,P22,E35,UNDERWENT_EXAM,
e384,P22,S25,PRESENTS_WITH,
e385,P22,S25,PRESENTS_WITH,
e386,P22,E48,UNDERWENT_EXAM,
e387,P22,E49,UNDERWENT_EXAM,
e388,P22,M18,TAKES,
e389,P22,M18,TAKES,
e390,P22,M18,TAKES,
e391,P22,E50,UNDERWENT_EXAM,
e392,P22,E51,UNDERWENT_EXAM,
e393,P22,E6,UNDERWENT_EXAM,
e394,P22,D37,DIAGNOSED_WITH,status=confirmed
e395,P22,D37,DIAGNOSED_WITH,status=confirmed
e396,D37,A21,LOCATED_IN,
e397,P22,M18,TAKES,
e398,P22,E2,UNDERWENT_EXAM,
e399,P22,M18,TAKES,
e400,P22,M18,TAKES,
e401,P22,E3,UNDERWENT_EXAM,
e402,E3,R10,REVEALS,
e403,P22,D38,DIAGNOSED_WITH,status=confirmed
e404,P22,M18,TAKES,
e405,P23,D33,DIAGNOSED_WITH,status=confirmed
e406,D33,A22,LOCATED_IN,
e407,P24,D39,DIAGNOSED_WITH,status=confirmed
e408,P24,D40,DIAGNOSED_WITH,status=confirmed
e409,D40,A23,LOCATED_IN,
e410,D40,A24,LOCATED_IN,
e411,D40,A25,LOCATED_IN,
e412,D40,A26,LOCATED_IN,
e413,P24,D33,DIAGNOSED_WITH,status=confirmed
e414,D33,A23,LOCATED_IN,
e415,D33,A24,LOCATED_IN,
e416,D33,A25,LOCATED_IN,
e417,D33,A26,LOCATED_IN,
e418,P24,D20,DIAGNOSED_WITH,status=confirmed
e419,P25,S18,PRESENTS_WITH,duration=44-year
e420,P25,S18,PRESENTS_WITH,duration=44-year
e421,P25,S17,PRESENTS_WITH,duration=44-year
e422,P25,M60,TAKES,dosage=150 mg
e423,P25,D3,HAS_PERSONAL_HISTORY,
e424,P25,M41,TAKES,
e425,P25,E1,UNDERWENT_EXAM,
e426,P25,E12,UNDERWENT_EXAM,
e427,P25,E10,UNDERWENT_EXAM,
e428,P25,E11,UNDERWENT_EXAM,
e429,P25,E52,UNDERWENT_EXAM,
e430,P25,S5,PRESENTS_WITH,
e431,P25,E15,UNDERWENT_EXAM,
e432,P25,M61,TAKES,dosage=300 mg
e433,P25,M62,TAKES,dosage=300 mg
e434,P25,E53,UNDERWENT_EXAM,
e435,P25,D5,DIAGNOSED_WITH,status=confirmed
e436,P25,S18,PRESENTS_WITH,
e437,P25,D41,DIAGNOSED_WITH,status=confirmed
e438,P25,S18,PRESENTS_WITH,
e439,P25,S18,PRESENTS_WITH,
e440,P25,E3,UNDERWENT_EXAM,
e441,P25,S18,PRESENTS_WITH,
e442,S18,A27,LOCATED_IN,
e443,P25,M63,TAKES,dosage=5 mg
e444,P25,E3,UNDERWENT_EXAM,
e445,P25,M63,TAKES,dosage=50 mg
e446,P25,E13,UNDERWENT_EXAM,
e447,P25,E22,UNDERWENT_EXAM,
e448,P25,E3,UNDERWENT_EXAM,
e449,P25,M63,TAKES,dosage=90 mg
e450,P25,M36,TAKES,dosage=90 mg
e451,P25,M61,TAKES,dosage=100 mg
e452,P25,M64,TAKES,dosage=20 mg
e453,P25,S18,PRESENTS_WITH,
e454,P25,D42,DIAGNOSED_WITH,status=confirmed
e455,P26,E2,UNDERWENT_EXAM,
e456,P26,E4,UNDERWENT_EXAM,
e457,P26,E32,UNDERWENT_EXAM,
e458,P27,S26,PRESENTS_WITH,
e459,P27,D43,DIAGNOSED_WITH,status=confirmed
e460,D43,A28,LOCATED_IN,
e461,P27,E1,UNDERWENT_EXAM,
e462,P27,D44,DIAGNOSED_WITH,status=confirmed
e463,P28,E54,UNDERWENT_EXAM,
e464,P28,E55,UNDERWENT_EXAM,
e465,P29,E56,UNDERWENT_EXAM,
e466,P29,D45,DIAGNOSED_WITH,status=confirmed
e467,P30,D3,DIAGNOSED_WITH,status=confirmed
e468,P30,E57,UNDERWENT_EXAM,
e469,P30,D46,DIAGNOSED_WITH,status=confirmed
e470,P30,S27,PRESENTS_WITH,
e471,P30,D46,DIAGNOSED_WITH,status=confirmed
e472,P30,E3,UNDERWENT_EXAM,
e473,P30,M41,TAKES,dosage=15 mg
e474,P31,S28,PRESENTS_WITH,duration=61-year
e475,P31,S28,PRESENTS_WITH,
e476,P31,S28,PRESENTS_WITH,
e477,P31,S28,PRESENTS_WITH,
e478,P31,S28,PRESENTS_WITH,
e479,P31,M65,TAKES,dosage=1200 mg
e480,P31,M66,TAKES,dosage=1500 mg
e481,P31,D47,HAS_PERSONAL_HISTORY,
e482,D47,A16,LOCATED_IN,
e483,P31,D48,DIAGNOSED_WITH,status=confirmed
e484,P31,E35,UNDERWENT_EXAM,
e485,P31,E3,UNDERWENT_EXAM,
e486,P31,E3,UNDERWENT_EXAM,
e487,P31,D49,DIAGNOSED_WITH,status=confirmed
e488,P31,S5,PRESENTS_WITH,
e489,P32,M41,TAKES,
e490,P32,M41,TAKES,
e491,P32,E42,UNDERWENT_EXAM,
e492,P32,M41,TAKES,
e493,P32,M18,TAKES,
e494,P32,M18,TAKES,
e495,P32,M18,TAKES,
e496,P32,M18,TAKES,
e497,P32,M18,TAKES,
e498,P32,E43,UNDERWENT_EXAM,
e499,P32,E58,UNDERWENT_EXAM,
e500,P32,M41,TAKES,
e501,P32,M67,TAKES,
e502,P32,D33,DIAGNOSED_WITH,status=confirmed
e503,D33,A22,LOCATED_IN,
e504,P32,D50,DIAGNOSED_WITH,status=confirmed
e505,P32,D51,DIAGNOSED_WITH,status=confirmed
e506,P32,M47,TAKES,
e507,P32,D50,DIAGNOSED_WITH,status=confirmed
e508,P33,E42,UNDERWENT_EXAM,
e509,P33,E59,UNDERWENT_EXAM,
e510,P33,E5,UNDERWENT_EXAM,
e511,P33,E3,UNDERWENT_EXAM,
e512,P33,D52,DIAGNOSED_WITH,status=confirmed
e513,P33,E3,UNDERWENT_EXAM,
e514,P33,D52,DIAGNOSED_WITH,status=confirmed
e515,P33,M67,TAKES,
e516,P33,D33,DIAGNOSED_WITH,status=confirmed
e517,D33,A22,LOCATED_IN,
e518,P33,D50,DIAGNOSED_WITH,status=confirmed
e519,P33,D51,DIAGNOSED_WITH,status=confirmed
e520,P33,D50,DIAGNOSED_WITH,status=confirmed
e521,P33,D50,DIAGNOSED_WITH,status=confirmed
e522,P33,D50,DIAGNOSED_WITH,status=confirmed
e523,P34,E25,UNDERWENT_EXAM,
e524,E25,R11,REVEALS,
e525,P34,E60,UNDERWENT_EXAM,
e526,P34,D53,DIAGNOSED_WITH,status=confirmed
e527,P34,D20,DIAGNOSED_WITH,status=confirmed
e528,P34,D20,DIAGNOSED_WITH,status=confirmed
e529,P35,D6,DIAGNOSED_WITH,status=confirmed
e530,D6,A9,LOCATED_IN,
e531,P35,E61,UNDERWENT_EXAM,
e532,P35,E40,UNDERWENT_EXAM,
e533,P35,D6,DIAGNOSED_WITH,status=confirmed
e534,P35,D6,DIAGNOSED_WITH,status=confirmed
e535,P35,E62,UNDERWENT_EXAM,
e536,P35,M68,TAKES,
e537,P35,D6,DIAGNOSED_WITH,status=confirmed
e538,P35,S29,PRESENTS_WITH,
e539,P35,M68,TAKES,
e540,P35,M5,TAKES,
e541,P35,E57,UNDERWENT_EXAM,
e542,P35,M68,TAKES,
e543,P35,E61,UNDERWENT_EXAM,
e544,P35,E40,UNDERWENT_EXAM,
e545,P35,D6,DIAGNOSED_WITH,status=confirmed
e546,P35,D20,DIAGNOSED_WITH,status=confirmed
e547,P36,E2,UNDERWENT_EXAM,
e548,P36,E35,UNDERWENT_EXAM,
e549,P36,E3,UNDERWENT_EXAM,
e550,P37,S17,PRESENTS_WITH,duration=4-month history
e551,P37,S17,PRESENTS_WITH,
e552,P37,S2,PRESENTS_WITH,
e553,P37,S8,PRESENTS_WITH,
e554,P37,D34,DIAGNOSED_WITH,status=confirmed
e555,P37,D11,DIAGNOSED_WITH,status=confirmed
e556,P37,D54,DIAGNOSED_WITH,status=confirmed
e557,P37,D55,DIAGNOSED_WITH,status=confirmed
e558,P37,S19,PRESENTS_WITH,
e559,P37,E1,UNDERWENT_EXAM,
e560,P37,E52,UNDERWENT_EXAM,
e561,P37,E2,UNDERWENT_EXAM,
e562,P37,E3,UNDERWENT_EXAM,
e563,P38,M69,TAKES,
e564,P38,M69,TAKES,
e565,P38,S17,PRESENTS_WITH,
e566,P38,S17,PRESENTS_WITH,
e567,P38,M69,TAKES,
e568,P39,D3,HAS_PERSONAL_HISTORY,
e569,P39,D19,HAS_PERSONAL_HISTORY,
e570,P39,E63,UNDERWENT_EXAM,
e571,P39,E2,UNDERWENT_EXAM,
e572,P39,D22,DIAGNOSED_WITH,status=confirmed
e573,D22,A29,LOCATED_IN,aspect=proximal
e574,P39,M70,TAKES,
e575,P39,M70,TAKES,
e576,P39,E64,UNDERWENT_EXAM,
e577,P39,E11,UNDERWENT_EXAM,
e578,P39,M58,TAKES,
e579,P39,M71,TAKES,
e580,P39,E63,UNDERWENT_EXAM,
e581,P39,E63,UNDERWENT_EXAM,
e582,P39,D40,DIAGNOSED_WITH,status=confirmed
e583,P39,D40,DIAGNOSED_WITH,status=confirmed
e584,P39,D22,DIAGNOSED_WITH,status=confirmed
e585,D22,A29,LOCATED_IN,
e586,P39,D40,DIAGNOSED_WITH,status=confirmed
e587,P39,E2,UNDERWENT_EXAM,
e588,P39,D40,DIAGNOSED_WITH,status=confirmed
e589,P39,E36,UNDERWENT_EXAM,
e590,P39,D40,DIAGNOSED_WITH,status=confirmed
e591,P39,D40,DIAGNOSED_WITH,status=confirmed
e592,D40,A2,LOCATED_IN,
e593,P39,E45,UNDERWENT_EXAM,
e594,P39,D40,DIAGNOSED_WITH,status=confirmed
e595,D40,A30,LOCATED_IN,
e596,D40,A29,LOCATED_IN,
e597,P39,D40,DIAGNOSED_WITH,status=confirmed
e598,P39,D40,DIAGNOSED_WITH,status=confirmed
e599,D40,A4,LOCATED_IN,aspect=proximal
e600,P39,D40,DIAGNOSED_WITH,status=confirmed
e601,D40,A29,LOCATED_IN,
e602,P39,E16,UNDERWENT_EXAM,
e603,P39,D40,DIAGNOSED_WITH,status=confirmed
e604,P40,S9,PRESENTS_WITH,duration=65-year
e605,P40,S30,PRESENTS_WITH,duration=65-year
e606,P40,S1,PRESENTS_WITH,duration=65-year
e607,S1,A31,LOCATED_IN,laterality=right
e608,P40,M61,TAKES,
e609,P40,E1,UNDERWENT_EXAM,
e610,P40,M72,TAKES,
e611,P40,M72,TAKES,
e612,P40,E2,UNDERWENT_EXAM,
e613,P40,M73,TAKES,dosage=0.5 g
e614,P40,D56,DIAGNOSED_WITH,status=confirmed
e615,D56,A26,LOCATED_IN,
e616,P40,E4,UNDERWENT_EXAM,
e617,E4,R12,REVEALS,
e618,P40,E3,UNDERWENT_EXAM,
e619,P40,M74,TAKES,dosage=40 mg
e620,P40,M72,TAKES,dosage=32 mg
e621,P40,S17,PRESENTS_WITH,
e622,P40,M75,TAKES,dosage=500 mg
e623,P40,D57,DIAGNOSED_WITH,status=confirmed
e624,P40,E4,UNDERWENT_EXAM,
e625,P40,M35,TAKES,
e626,P41,S10,PRESENTS_WITH,duration=53-year
e627,P41,E1,UNDERWENT_EXAM,
e628,P41,E12,UNDERWENT_EXAM,
e629,P41,E10,UNDERWENT_EXAM,
e630,P41,E65,UNDERWENT_EXAM,
e631,P41,E15,UNDERWENT_EXAM,
e632,E15,R3,REVEALS,
e633,R3,A3,LOCATED_IN,
e634,R3,A32,LOCATED_IN,
e635,P41,S31,PRESENTS_WITH,
e636,P42,S19,PRESENTS_WITH,
e637,P42,E66,UNDERWENT_EXAM,
e638,P42,D58,DIAGNOSED_WITH,status=confirmed
e639,P42,D59,DIAGNOSED_WITH,status=confirmed
e640,P42,M18,TAKES,dosage=34 IU
e641,P42,M18,TAKES,dosage=34 IU
e642,P42,E3,UNDERWENT_EXAM,
e643,P42,M76,TAKES,dosage=20 mg
e644,P42,M77,TAKES,dosage=20 mg
e645,P42,S32,PRESENTS_WITH,
e646,P42,D60,DIAGNOSED_WITH,status=confirmed
e647,P42,S33,PRESENTS_WITH,
e648,P42,D60,DIAGNOSED_WITH,status=confirmed
e649,P42,D60,DIAGNOSED_WITH,status=confirmed
e650,P43,S34,PRESENTS_WITH,duration=38-year
e651,P43,M78,TAKES,dosage=4g
e652,P43,S4,PRESENTS_WITH,
e653,P43,S6,PRESENTS_WITH,
e654,P43,S1,PRESENTS_WITH,
e655,P43,E3,UNDERWENT_EXAM,
e656,P43,D61,DIAGNOSED_WITH,status=confirmed
e657,P43,E14,UNDERWENT_EXAM,
e658,P43,D62,DIAGNOSED_WITH,status=confirmed
e659,P43,M5,TAKES,
e660,P43,D63,DIAGNOSED_WITH,status=confirmed
e661,P43,D64,DIAGNOSED_WITH,status=confirmed
e662,P43,S11,PRESENTS_WITH,
e663,P43,M79,TAKES,dosage=5mg
e664,P43,D64,DIAGNOSED_WITH,status=confirmed
e665,P43,D65,DIAGNOSED_WITH,status=confirmed
e666,P43,M80,TAKES,dosage=2.5mg
e667,P44,D66,DIAGNOSED_WITH,status=confirmed
e668,D66,A33,LOCATED_IN,
e669,P45,S6,PRESENTS_WITH,duration=22-year
e670,P45,S13,PRESENTS_WITH,duration=22-year
e671,P45,S35,PRESENTS_WITH,duration=22-year
e672,P45,S4,PRESENTS_WITH,duration=22-year
e673,P45,S36,PRESENTS_WITH,
e674,P45,S5,PRESENTS_WITH,
e675,P45,E1,UNDERWENT_EXAM,
e676,P45,D67,DIAGNOSED_WITH,status=confirmed
e677,P45,S37,PRESENTS_WITH,
e678,P45,E4,UNDERWENT_EXAM,
e679,P45,D68,DIAGNOSED_WITH,status=confirmed
e680,D68,A6,LOCATED_IN,
e681,P45,E67,UNDERWENT_EXAM,
e682,E67,R10,REVEALS,
e683,P45,E3,UNDERWENT_EXAM,
e684,E3,R10,REVEALS,
e685,P45,D15,DIAGNOSED_WITH,status=confirmed
e686,P45,D69,DIAGNOSED_WITH,status=confirmed
e687,P45,M81,TAKES,dosage=40 mg
e688,P45,M33,TAKES,dosage=200 mg
e689,P45,M32,TAKES,dosage=5 mg
e690,P45,M33,TAKES,dosage=200 mg
e691,P46,D70,DIAGNOSED_WITH,status=confirmed
e692,P46,M75,TAKES,
e693,P46,E3,UNDERWENT_EXAM,
e694,P46,E3,UNDERWENT_EXAM,
e695,P46,M74,TAKES,dosage=40 mg
e696,P46,M74,TAKES,dosage=40 mg
e697,P46,M82,TAKES,dosage=20 mg
e698,P46,M74,TAKES,
e699,P46,M82,TAKES,
e700,P46,M74,TAKES,dosage=16 mg
e701,P46,M74,TAKES,
e702,P46,M82,TAKES,
e703,P46,S7,PRESENTS_WITH,
e704,P46,S10,PRESENTS_WITH,
e705,P46,M75,TAKES,
e706,P46,M74,TAKES,dosage=4 mg
e707,P46,M18,TAKES,
e708,P46,M18,TAKES,
e709,P46,M18,TAKES,
e710,P46,E3,UNDERWENT_EXAM,
e711,P46,M73,TAKES,
e712,P46,M27,TAKES,
e713,P46,M75,TAKES,
e714,P47,S6,PRESENTS_WITH,
e715,P47,S38,PRESENTS_WITH,
e716,P48,D71,DIAGNOSED_WITH,status=confirmed
e717,P48,E68,UNDERWENT_EXAM,
e718,P48,E36,UNDERWENT_EXAM,
e719,P48,M83,TAKES,
e720,P48,M83,TAKES,
e721,P48,M83,TAKES,
e722,P49,S6,PRESENTS_WITH,duration=2-day history
e723,P49,D63,HAS_PERSONAL_HISTORY,
e724,D63,A34,LOCATED_IN,
e725,P49,D3,HAS_PERSONAL_HISTORY,
e726,D3,A34,LOCATED_IN,
e727,P49,S10,PRESENTS_WITH,
e728,P49,S6,PRESENTS_WITH,
e729,P49,S14,PRESENTS_WITH,
e730,P49,E1,UNDERWENT_EXAM,
e731,P49,D6,DIAGNOSED_WITH,status=confirmed
e732,D6,A35,LOCATED_IN,
e733,D6,A35,LOCATED_IN,
e734,P49,D72,DIAGNOSED_WITH,status=confirmed
e735,D72,A32,LOCATED_IN,
e736,D72,A32,LOCATED_IN,
e737,P49,E3,UNDERWENT_EXAM,
e738,P49,D73,DIAGNOSED_WITH,status=confirmed
e739,P49,S14,PRESENTS_WITH,
e740,P49,S6,PRESENTS_WITH,
e741,P49,M73,TAKES,
e742,P49,M27,TAKES,
e743,P49,S6,PRESENTS_WITH,
e744,P49,E3,UNDERWENT_EXAM,
e745,P49,D2,DIAGNOSED_WITH,status=confirmed
e746,P49,E1,UNDERWENT_EXAM,
e747,P49,E4,UNDERWENT_EXAM,
e748,P49,E6,UNDERWENT_EXAM,
e749,E6,R3,REVEALS,
e750,P49,M74,TAKES,dosage=80 mg
e751,P49,M84,TAKES,dosage=200 mg
e752,P49,M6,TAKES,dosage=200 mg
e753,P49,E44,UNDERWENT_EXAM,
e754,P50,E6,UNDERWENT_EXAM,
e755,P50,D74,DIAGNOSED_WITH,status=confirmed
e756,P50,S1,PRESENTS_WITH,
e757,P50,E6,UNDERWENT_EXAM,
e758,P50,D74,DIAGNOSED_WITH,status=confirmed
e759,P50,E4,UNDERWENT_EXAM,
e760,P50,D74,DIAGNOSED_WITH,status=confirmed
e761,P50,E6,UNDERWENT_EXAM,
e762,P50,E6,UNDERWENT_EXAM,
e763,P50,E1,UNDERWENT_EXAM,
e764,P50,D22,DIAGNOSED_WITH,status=confirmed
e765,P50,D75,DIAGNOSED_WITH,status=confirmed
e766,P51,D76,DIAGNOSED_WITH,status=confirmed
e767,D76,A23,LOCATED_IN,
e768,P51,E12,UNDERWENT_EXAM,
e769,P51,E11,UNDERWENT_EXAM,
e770,P51,E19,UNDERWENT_EXAM,
e771,P52,S16,PRESENTS_WITH,
e772,P52,S2,PRESENTS_WITH,
e773,P52,S8,PRESENTS_WITH,
e774,P52,S1,PRESENTS_WITH,
e775,P52,S19,PRESENTS_WITH,
e776,P52,S36,PRESENTS_WITH,
e777,P52,E1,UNDERWENT_EXAM,
e778,P52,M28,TAKES,dosage=76 mcg
e779,P52,M28,TAKES,
e780,P52,E4,UNDERWENT_EXAM,
e781,P52,E4,UNDERWENT_EXAM,
e782,P52,D77,DIAGNOSED_WITH,status=confirmed
e783,P52,E3,UNDERWENT_EXAM,
e784,P52,E69,UNDERWENT_EXAM,
e785,E69,R13,REVEALS,
e786,P52,D15,DIAGNOSED_WITH,status=confirmed
e787,P53,S1,PRESENTS_WITH,duration=41-year
e788,P53,S6,PRESENTS_WITH,
e789,P53,S39,PRESENTS_WITH,
e790,P53,S40,PRESENTS_WITH,
e791,P53,S1,PRESENTS_WITH,
e792,P53,E1,UNDERWENT_EXAM,
e793,P53,M85,TAKES,dosage=5 mg
e794,P53,D78,DIAGNOSED_WITH,status=confirmed
e795,D78,A36,LOCATED_IN,
e796,P53,D79,DIAGNOSED_WITH,status=confirmed
e797,P53,D79,DIAGNOSED_WITH,status=confirmed; method=pathology
e798,D79,A36,LOCATED_IN,
e799,D79,A36,LOCATED_IN,
e800,P54,S1,PRESENTS_WITH,duration=44-year
e801,P54,D79,DIAGNOSED_WITH,status=confirmed
e802,P54,S6,PRESENTS_WITH,
e803,P54,S39,PRESENTS_WITH,
e804,P54,S1,PRESENTS_WITH,
e805,P54,S1,PRESENTS_WITH,
e806,P54,E1,UNDERWENT_EXAM,
e807,P54,E3,UNDERWENT_EXAM,
e808,P54,D78,DIAGNOSED_WITH,status=confirmed
e809,D78,A36,LOCATED_IN,
e810,D78,A37,LOCATED_IN,
e811,D78,A38,LOCATED_IN,
e812,P54,E3,UNDERWENT_EXAM,
e813,P54,D78,DIAGNOSED_WITH,status=confirmed
e814,P54,S6,PRESENTS_WITH,
e815,P54,S1,PRESENTS_WITH,
e816,S1,A39,LOCATED_IN,
e817,S1,A37,LOCATED_IN,
e818,S1,A38,LOCATED_IN,
e819,S1,A40,LOCATED_IN,
e820,P54,E45,UNDERWENT_EXAM,
e821,P54,D79,DIAGNOSED_WITH,status=confirmed
e822,D79,A36,LOCATED_IN,
e823,D79,A41,LOCATED_IN,
e824,D79,A42,LOCATED_IN,
e825,D79,A43,LOCATED_IN,
e826,P55,S7,PRESENTS_WITH,duration=56-year
e827,P55,S19,PRESENTS_WITH,duration=56-year
e828,P55,S17,PRESENTS_WITH,
e829,S17,A17,LOCATED_IN,
e830,P55,E1,UNDERWENT_EXAM,
e831,E1,R14,REVEALS,
e832,R14,A17,LOCATED_IN,
e833,P55,M72,TAKES,dosage=3.2 mg
e834,P55,E14,UNDERWENT_EXAM,
e835,P55,D15,DIAGNOSED_WITH,status=confirmed
e836,D15,A44,LOCATED_IN,
e837,P55,D80,DIAGNOSED_WITH,status=confirmed
e838,D80,A44,LOCATED_IN,
e839,P55,E69,UNDERWENT_EXAM,
e840,P55,D80,DIAGNOSED_WITH,status=confirmed
e841,P55,E4,UNDERWENT_EXAM,
e842,P55,M86,TAKES,
e843,P55,D81,DIAGNOSED_WITH,status=confirmed
e844,P56,S41,PRESENTS_WITH,duration=57-year
e845,P56,S1,PRESENTS_WITH,duration=57-year
e846,P56,S8,PRESENTS_WITH,duration=57-year
e847,P56,S8,PRESENTS_WITH,
e848,P56,D82,HAS_PERSONAL_HISTORY,
e849,P56,D61,DIAGNOSED_WITH,status=confirmed
e850,P56,D20,DIAGNOSED_WITH,status=confirmed
e851,P56,E13,UNDERWENT_EXAM,
e852,E13,R15,REVEALS,
e853,P56,D15,DIAGNOSED_WITH,status=confirmed
e854,P56,D83,DIAGNOSED_WITH,status=confirmed
e855,P56,D84,DIAGNOSED_WITH,status=confirmed
e856,P56,D85,DIAGNOSED_WITH,status=confirmed
e857,P56,D20,DIAGNOSED_WITH,status=confirmed
e858,P56,S1,PRESENTS_WITH,
e859,P56,D15,DIAGNOSED_WITH,status=confirmed
e860,P56,E45,UNDERWENT_EXAM,
e861,E45,R11,REVEALS,
e862,P56,E70,UNDERWENT_EXAM,
e863,P56,D11,DIAGNOSED_WITH,status=confirmed
e864,P56,D86,DIAGNOSED_WITH,status=confirmed
