case_id,nodes,edges
PMC5137649_01,12,20
PMC9387390_01,21,28
PMC3437073_01,16,23
PMC7102447_01,11,15
PMC6354154_01,15,16
PMC4782471_01,26,28
PMC4835621_01,44,53
PMC8627357_01,29,32
PMC5833205_01,18,22
PMC3917415_01,18,21
PMC7718649_01,44,62
PMC6134951_01,27,34
PMC6343374_01,16,23
PMC9529523_01,36,50
PMC9532611_01,6,7
PMC9532611_02,14,16
PMC5875137_01,8,9
PMC6949661_01,28,33
PMC10405809_01,21,29
PMC7519975_01,34,38
PMC3950436_01,19,25
PMC10434843_01,34,58
PMC4630775_01,9,8
PMC2700431_01,18,18
PMC10106591_01,30,35
PMC4073451_01,8,12
PMC6083636_01,3,2
PMC6083636_02,5,7
PMC6083636_03,3,2
PMC9969157_01,17,21
PMC4828947_01,17,29
PMC7086412_01,18,24
PMC7086412_02,13,16
PMC3557982_01,12,12
PMC9815523_01,17,26
PMC4310058_01,8,12
PMC3859158_01,24,30
PMC9650410_01,7,13
PMC5804616_01,27,48
PMC3897989_01,35,45
PMC2817501_01,16,17
PMC11131390_01,10,10
PMC10521634_01,29,33
PMC10710131_01,6,6
PMC10488652_01,21,21
PMC11420039_01,26,40
PMC11259348_01,6,7
PMC11259348_02,9,36
PMC11368112_01,38,46
PMC11345641_01,30,45
PMC11723754_01,16,16
PMC11783470_01,14,15
PMC11722600_01,13,14
PMC11722600_02,25,35
PMC12215201_01,28,35
PMC12832199_01,33,47
